{"version":6,"hash":{"type":"Buffer","data":"vkQA/ZC5vpEyMfKstAXPn2yM0O7FCVLDRreZbLNvA9SgVsQ3Bhw3K3/G+JEo9WC6w8TNydA8n8UH0L04xrVBIfmPAikKvvgKz1Kh3E6cLGNU51MSq+ov5gjXVPQ+wkuw83lPd1ucRZ6k6kQNo9zoJ5VCqfKRTXvELIbVSUK0sQc="},"indexValueMap":{"AUL8sr3vJ+5xKmm4/FAeQ86ZQ6nsHRc2L7LS+eYHfcU=":{"valueMac":{"type":"Buffer","data":"NL6Q5eNrPHrHjk/ZcmkWC3AAG3jqa7OQhrtwWZ1iEMU="}},"AuG9pSGyi/PjB8pwjz1vYq0QQHIsY81h6FiBLMai6QI=":{"valueMac":{"type":"Buffer","data":"bZnhdha4xRT8yQGRmkhugI+y7GCD43h9ywQMQk6L1Uw="}},"A0NW/j+5stU+z6byKX/V+SVgR23FXFNPizsJxgjPjXw=":{"valueMac":{"type":"Buffer","data":"TDt0W5Me34rwIb7zMK1mwuo9FwLmI15ZF5dpyr6rKkk="}},"A32uc/VXx1qhFg44RyrpytoK2MK/1aL34S+WKMPoosA=":{"valueMac":{"type":"Buffer","data":"PqTori/L0oHhDWifVmFVpeixE2lLV5co/0Q+aQiuKZo="}},"BJtP/yfyByOUGVMFpRCtjOWNasNzL8dfp1jyHnhvXLk=":{"valueMac":{"type":"Buffer","data":"1nQHaNF2T5VmrRIS45g9J/RAs+tkhil9dSdrkyqrVvo="}},"BPpZ+bLTQfQcPwqOfpcswxKLoUY/e4EhXBrQ3k6sKm0=":{"valueMac":{"type":"Buffer","data":"pob95WB8nZpM1yAwCeuxYVfGJfVhdkriCr4N5FX8ePA="}},"BpTORrxzEpIBgblZ3ryves6SPFYyTtzpmLVd/qY0uMs=":{"valueMac":{"type":"Buffer","data":"AUgwtqgeDVsTTBzwsUy6346vBPib8tw8KR4E7FDTSOw="}},"B3h1kA/g99h/yuD6d7hxMvDvl3/vUowF+SrBCKv9L5o=":{"valueMac":{"type":"Buffer","data":"stSPxLieTaw2SyPxN8VYAXEsu1V3QL3Pi+hi6vyqmgc="}},"B8S1D3SPsle7mw1vCVoS4pHqBKGM4yKpCTO8BtxtTC0=":{"valueMac":{"type":"Buffer","data":"GUGnjVcIB5ih9ENl6Gggzdjp9Vbxi8e4bzz6bHDeKtw="}},"CRk+ZXB5vimxT7t0fAAsJaFp3sEjEjbafLOp4DVWP3k=":{"valueMac":{"type":"Buffer","data":"3jLC6/0rfX/W+FOMaz9QHf83SfAaZ/rktBpAnanJOqc="}},"Cba50oj39674/Id/DDU3MaMNGY9MY28AAow4iv4PCvA=":{"valueMac":{"type":"Buffer","data":"Urn865CyYSg5joXK0JU0951Toi0Njl9rOxbmiq5MKqo="}},"CiwBbOSjRrnvdzbGQxTVRCXfchAUFMai0SgUGVciwWg=":{"valueMac":{"type":"Buffer","data":"ukLMq5wDJoxFo3R2cJOQXpZ7rowCSjhZAFV0nvuDQJc="}},"C21M0ZnNDHj3cCpn0j2tcVLagfu81aoMz1LlmfKb7Fw=":{"valueMac":{"type":"Buffer","data":"OiUsncZDABmU774vjYZxRhFng8CEio2xJoH4H/F0NlU="}},"DAHsNsRIud9EDr6h/fws/aVscCb0pwWm0pK38X1Pxbk=":{"valueMac":{"type":"Buffer","data":"LWpuhYwlCfoM23xnH2a8R1S5X+Exen/fbEWtRuj91fo="}},"DEfln4SMUNgLSoD3wkRL3r2WGp2SpuhOgOrcVD3I+cY=":{"valueMac":{"type":"Buffer","data":"YIAvENGpkdVZEjwbeUjGyTlPTnFXlnXFAoJN/pJng/Y="}},"DNWEc4fY6zhvftw5O6Td/GXzWIHhNPQU6yJVZB0jj7M=":{"valueMac":{"type":"Buffer","data":"QgFvf0/LQpXDpAeYPL+rtImFy8wLcXD1Hv6iRNi/PFM="}},"DTVh8gA5BGgU0WmBm5TEDan1RB9SuH9mwGEzVBfa7JI=":{"valueMac":{"type":"Buffer","data":"F5ixjjAw5IV6PSwEi3UUmoRQICJiOWs6FZiRoQY3MUQ="}},"Db5f1DwxOie+Mwgmk+sC3iMxJMy3K9N2SgxEJovquRw=":{"valueMac":{"type":"Buffer","data":"xUh9njZ29xWKLvKY1Je6gI0Bs0e38XX/VmNpGXcGKds="}},"EIaQ20w2ZmToKT2Ww8TySppuvbw8Wyvrmii+NLdNNGc=":{"valueMac":{"type":"Buffer","data":"ZSgWrl5okf3I+4FQFwTe1lMDQIMHsqtJHk29M9Honnc="}},"EMG163z4o+QEd1eonnyJDFygt8mzHJc/TGUpHOj1nrs=":{"valueMac":{"type":"Buffer","data":"J/IGtfpfeGsoMfjW0gSCawusDjKZ+IChM+sXzsFgb+0="}},"EbWIuwnEQ4unm+dbXjyWtK3MT3FwHoKrHhEYRgOctXc=":{"valueMac":{"type":"Buffer","data":"1CiMi8tGAKbpgo7hnE3GAfIOD+xHKkGxEKfwOqNJ08M="}},"EgUCoJWnK5AHrgPfn77cOQF5pHGLXqoXyntQtTzNNJ0=":{"valueMac":{"type":"Buffer","data":"CTIUqkg8vLLRERjOBgDx+JBAF2HzvVsgHBGoBHIMqcg="}},"Emleazc1ofeqqsbE9YYZVG9VxPkoplvpQSPNIjG0eP0=":{"valueMac":{"type":"Buffer","data":"msppXExQDYuQkdSm7+4lHFfdAfZxxbkCibPoAMGTGzU="}},"FSIrjzE9ZiAoJ0NjHpr8P8mtTnDgbBQqzE5ZVRILMYM=":{"valueMac":{"type":"Buffer","data":"WG66FcibqUWoO1GJeKl/vFdgggSGwXC525YW53rm40U="}},"FTwatD+F5A8e6PyXcGvJpv1w5cxD+jaE17ykozV/EqY=":{"valueMac":{"type":"Buffer","data":"TNqsLd0F3URvyfKVYe1Z5BtJ7YGLwoDXCTSbgmslxHs="}},"FT+JW+pgj3rZx6sg+uvvswQ/V85Ebz1s2lqnPwht8kQ=":{"valueMac":{"type":"Buffer","data":"1fyYoeV0s80EPj+91X9TYrPtd9+/X4SP+BwlnR961vE="}},"FdOyTuvkonk7TiIiNi/7wry8mpNYLdZiMBe8nSWXu6U=":{"valueMac":{"type":"Buffer","data":"/659u7gNQHxmGvP6izNl2cEJJWZ3s6YbWpCZBJTbB3Y="}},"FeBIVmOyLHxaFufKy4LAq58nM2ziqcWs/pLCYwGWJf8=":{"valueMac":{"type":"Buffer","data":"3y9cjft7SgCOf2RlwJFPPK0xxVMc5m/VEZg952bOeCk="}},"Fmjs31eO6INR5Khjwg4nFnhEYFsZhZp1qEWkxCWBW5w=":{"valueMac":{"type":"Buffer","data":"HWhDpg8jRane7ONJQIpFs1qVaWPKSoUP/i7dUKVSPeg="}},"FnzVTiqjoo8+cm+aD6qMrazjTZM5E40q8CKzDnqL5qY=":{"valueMac":{"type":"Buffer","data":"+GPFH4oWNeRxxPotvKBimcnLvFZ+Ye+Zy6UwzW3JZv8="}},"FrxVjkEiOer75Wm3sknrAjm4bHuMjoUO6CLT86pAx9s=":{"valueMac":{"type":"Buffer","data":"p8KMk03rG1SafNMOv/sZ1+xw1lyohP55otu8Qcnifzs="}},"Fs+5tIrItptYZNVlr8ijqo0xO97hEj9sHu0vWIJRc30=":{"valueMac":{"type":"Buffer","data":"IckMHeqzCExM2070M5SCNlFIo4eXA4fweqWzBMBWx/I="}},"F0M9Ttx2FLgKqXvl8ZvQzpw+f/HImgFvxW8lUFvRcfk=":{"valueMac":{"type":"Buffer","data":"wU0aYriim4aQVVS4Tv0gH+x9t205MG+//axTHX8j0Oc="}},"F1CUhLPE+2px/TWI7uN/OsUzpDP6p1Hk40Zw9jEwQKU=":{"valueMac":{"type":"Buffer","data":"3gAIO4IOCVQiomYhm3POtcKESL05Mu2NHsdYgsNmjsY="}},"GDqjuSsOmNr0H3MTwbgPp9kZ19ervfOtD1COBR6MAmM=":{"valueMac":{"type":"Buffer","data":"fiIFeIUylC9dDYMMPWVll0QdG091nokpglaYF7eUt44="}},"GYbLM171dEW+NWU3zKi+zYjoM/FwFcVaH9MhdzBbL/U=":{"valueMac":{"type":"Buffer","data":"uDuRGES9hSenk5Vo7Vfqdh8bEGQ6tTTyMEnInaERjeM="}},"GbGG7oG7pQ9OfT2rmEQOs5XSpXT+8/tR3wgbGJCU+MI=":{"valueMac":{"type":"Buffer","data":"VMoT76LLKeg3Kn1XfB59xT0AnjkcmOjKvv48nJEWq4M="}},"GkBarqKdJ+xsmS/YOnJihzHl9OISZuRAKU5Rt8Vnz3c=":{"valueMac":{"type":"Buffer","data":"XGwB3KVNMU7qWQFbb2NoQD1YgWUI+aJn2sY0UN6gVBk="}},"Gqos7nYqU3jTK4SIoe4rQmh5hJNYZzbWifRQLd8XXQU=":{"valueMac":{"type":"Buffer","data":"N7vfTJ8UD2WAdPXKmXH5kQvk1vxB46kwxPkUyf6yARo="}},"HBkqEaBKawzt+IobFM5zKL6JBoanol2+fF3QdbtTEko=":{"valueMac":{"type":"Buffer","data":"0SX+2mSqZEViyHMYWaK/tUPw6VUdbVtKyLu/GZBJlWk="}},"HkkRo+4lt44zOkQSzo9QXvY52D0bimVuEdMvxH070Nw=":{"valueMac":{"type":"Buffer","data":"Hr8IhYrwXohP5QjvqKMmpp5mmgaZQiLDpzD+poEzQY8="}},"HvGxZoDCV11JmOR4whpl2zWe1Ig1+1a2c5JHeVCIQRg=":{"valueMac":{"type":"Buffer","data":"PMHnJ3Vezgc+XndYZrO8mj4IxAbntmFizTU+ovlT5m8="}},"IQi6EBqbye/4ocam3BsNmrvYTsKDiwzbRrlobIEdB3k=":{"valueMac":{"type":"Buffer","data":"Vf34QzKIBCaf38IlEX5bkt4YYew7bgUC2ZyrOqiBdb4="}},"IZimBnYW5r+Vyf0TH8tczei5VrI6wo8hrcuM1fU7eAQ=":{"valueMac":{"type":"Buffer","data":"6pXK0kbwFZOZxBDtiZhn5MhuHMx3uwiOBU4oM4MPu6I="}},"IenLzAdwEr+NPh9fEB+Eq+KOW0zd5Coev7a3famXX5g=":{"valueMac":{"type":"Buffer","data":"kxE25f074cxQZTYhwwBSeP3+fIQiHED9t/Q3p+1xPIY="}},"IkjUWzfU31p4XsBnJejYqrJL25ICZh2iHhmZa5YKf+c=":{"valueMac":{"type":"Buffer","data":"mbLyjE1/cxbFxmJPCks++z8UHj3UjN7xH3tOqQvjpOY="}},"JD0MWe7ZxT5pc+pp0k8xu5wwHxY6ka2PCxel75B3060=":{"valueMac":{"type":"Buffer","data":"s3vzdITf6LpQL+r7Iucq51PJWtskG8ercyUUWFjj6XQ="}},"JGsNYpY8mB7geQa6bj93tP1esGQ6MFeu7PCC2KP38dM=":{"valueMac":{"type":"Buffer","data":"pl/9wmCuUr/l7RGMh/ryH+LKOHc/CUhIsw11fj0EyrI="}},"JOSW/LOI8vYcjSVgxFdIbFePiWmziwAfcrX+3C2ZKL8=":{"valueMac":{"type":"Buffer","data":"vBACFa6oFEblXh5jGaQvIS1gcnTnCanH6jmUvrIcTKI="}},"JZgQetAEy6JgGdNMBViLscr/7z0XAg1fATduUPfH4Lw=":{"valueMac":{"type":"Buffer","data":"ulHpsCpdS/ULuUxrDH68fnl4iMstcFxB859sUxDMFqU="}},"Jm+sV8obGqvDkVT/fcEH87Q+zN8ZGSj7/HjarM4hXeI=":{"valueMac":{"type":"Buffer","data":"2jhacI+diXyMHQfeRuNKW5g7Hh/dDozufLImnJ5ohnQ="}},"JsvpWREYjGJ71gzmyAqoIi7S6G3Av7tygQSwc+banNI=":{"valueMac":{"type":"Buffer","data":"MlN7nyxvhh7jpHV2ktT+mH4CEGksgaWf8ojw6zXMsBc="}},"KE47Yql5Q1yAmnGNhXqz/wsP/T5k9GsofoeCN/5gkYQ=":{"valueMac":{"type":"Buffer","data":"3FiOAVNXvA0M124f5EUSSZRMIrMHMMWaF+vhg0gncYM="}},"KeR3A8hFdbsq3tWeEkKFPSXW8H24HsqfUx7R5zURZmk=":{"valueMac":{"type":"Buffer","data":"mSReaSrwTkJyKT88rJwEgUOgSxzy64vIj3f+k6jV0es="}},"KeUUgqi4/SGMY0ayiBXgbqDKGvg8r7+vN+aSMBRmyfQ=":{"valueMac":{"type":"Buffer","data":"1msjFwlzGBb4z1QZeaJauIgaj3c9XYJvfX/R3QK4YTg="}},"KlMFN5m380B/BcP+pYDHUQ2iHcybnB/hlVGu5Z2Pnjo=":{"valueMac":{"type":"Buffer","data":"R+fJZdlqKLLj2hbuX9HEmALoBw45rhUHUq9f5IRz00g="}},"KmHYiYUUFpWuFzMmMrfPm2cwGxZrh24FFAdi4juRB3U=":{"valueMac":{"type":"Buffer","data":"RH0vHgLnJUk6smgZHpg+N0i18rPQUNjuMF4XxPoeS/k="}},"KmSN+ggq68uSR3yrcv/jFiJbRYU5lvlPOT2vQC4pzhE=":{"valueMac":{"type":"Buffer","data":"MfZoqN1/1CgckLznqF2/HHIPD/fN7+pdnvq+mfa46H0="}},"K/Pgwn262Adh4XWmrwNIFyJcztPPBgBQdV45Ew6EdJ4=":{"valueMac":{"type":"Buffer","data":"p0pdw2XMPNSAEytSB2hKKuFY5kFP+PRGcMF9PCt3VLA="}},"K/8NaFcqz/8pqzrV5L/xNMiQnPBosR6QspEizGfD+YQ=":{"valueMac":{"type":"Buffer","data":"yS4HcetqFhMs9KGssShH795xF8e82ywwv8dNQxpA9nM="}},"LEUmaKMatXPY14qQOWamv/5qSkzMopRNQJi+FmjEl1o=":{"valueMac":{"type":"Buffer","data":"sQiZlnWEP5fBkEyNlCIdedQ1YG9Y0spgT3HuGxIg8nQ="}},"LF9ZqvkfBFkFbD7yVjtY56UaXiRuaoSgn83PfgcTi2k=":{"valueMac":{"type":"Buffer","data":"6oLpgcqQxDWxxtqc0qzVn4QQHrgIivxDm4gyyEQgFcc="}},"LZpMEQWQ5tumYX7jQvJxfnZ8w5rpeVBTDwgQlZjFR6M=":{"valueMac":{"type":"Buffer","data":"wa2OttEVb2yJ46lWagePnqFKVLh3ghbgLK37WG/lQXs="}},"Lkt2pFnr7U1FSQjz/ib3X8Tv3+V6okWTSGcTRbOMvUg=":{"valueMac":{"type":"Buffer","data":"gAGOCmm3pcV3uHsY9JIEqMD0RyJZf9KENSENuKnkgXU="}},"LoSl75YMMBPIAVBNQTKDoKWT4KOSlxWz2jDOk1cUGx8=":{"valueMac":{"type":"Buffer","data":"m8dVAQ0rGukMm7auvKllBHs7tBrWoea1+op9KdZukDw="}},"LrM7dyVRPoVd3BTl+CeKOO03iAd1L91PHonWIahihA0=":{"valueMac":{"type":"Buffer","data":"gfxe8L9rlnIQvOf+AP+ym+QfQligISl9AnzHcqrPKxI="}},"LylRqyQP1yoifRI0E2yd586FNFc8bpZjj7DaO1Z+aXQ=":{"valueMac":{"type":"Buffer","data":"B+9RacQ7KoXoWDUhxsTlejLi++hf/pWA6ScgiW1gGqA="}},"L6TF5xIWbpAIMIqqe98JbyrluwA07f8B1zSf4K5KXEU=":{"valueMac":{"type":"Buffer","data":"MTt3SbCxDr3HeIJ1KJozV8rnK8u56S9v7Bw1q8k/0ik="}},"L9ghjwSdlzJVTcw3b5axPMsar8S655gpFMAm/7bOYZc=":{"valueMac":{"type":"Buffer","data":"70xN692ctitixVK3v2ktlnVgf7j+S7M7Xs/DYq6ZthI="}},"MLitQCQ5le0sbLdZ08Hra1EwPVceUdugYR3Ea5yT8ig=":{"valueMac":{"type":"Buffer","data":"sAgMxLIwrk4/pgH9/sX3jmfdfgBZpRTGW5NXrMXcYyM="}},"MUggejrvBO+5C/2axpkqqxRIriS8GFan0OjLCoMZt5Y=":{"valueMac":{"type":"Buffer","data":"imARncJ0Hy7kJFe1kA7w4QpI8Rdn3NhhIugEjbhLMVQ="}},"MYqZVTal+Z3u4Ye8TixwPS+mxJ4jxHHj959B2r6aj5s=":{"valueMac":{"type":"Buffer","data":"V9z0kLo3/dGJZWPtpKBS4MEywabRCKXJtpPE+Pp+aLo="}},"Ma3WBvrryYxaczSE+covMnYKKH4tJ9Jg/7y03Jg1MCw=":{"valueMac":{"type":"Buffer","data":"QT2zc3TdtWgaYA8OBwdn+4N1cyiSeBWDY8HjV3WXRjM="}},"MhaXrN684EvGDjr/3J7fI3cNsADgOc3P8gw268cHLns=":{"valueMac":{"type":"Buffer","data":"XVE6X07YFReD22I3JdLxTeKOpk63DyPhiSYUD3XrbDk="}},"MrKFOgpMmmc7xSaTmIdF8OJpwo7hxnBmLfpDkoQhKF4=":{"valueMac":{"type":"Buffer","data":"cbNVq3ndRKjt8HBac8QhxsUFQW3hq9L4Own4PgXCprE="}},"M6+KlsIPaCDQqb8q8YdwVxcYtgrVRbfc3snIpnMvTzM=":{"valueMac":{"type":"Buffer","data":"5WINIdNXFZUNr6RJN+BJ1xoqbTNFuwcWcudxuSkrG+4="}},"NM6CBmjZ5l4qzfPgRvgFxQXppW9tjOhhSMdzSQadvIU=":{"valueMac":{"type":"Buffer","data":"jj3pj4F5eGsTSwoVYm9vCSHkwTlFv6CPkJtuNqoz1Xc="}},"N8qfoyqtfEx+ypbeTMMcaztPv4V+MSNfEIr3Z37DAKg=":{"valueMac":{"type":"Buffer","data":"+AUomVX2v2yXJK7aR05mq+/itogILqFrOGHYkdJTJDc="}},"OCCydzBg6rd+vD3Hnji6Gyd4+SUSGUEaZLbituGVsws=":{"valueMac":{"type":"Buffer","data":"3E/X8Pg2/d+Xjk2mqtOCmRmZjpKgEsAI6CtFjuNyGAE="}},"OEO/FQaMiWce3jGbA0zq2aR7tj1P+gnzPNk1nqKevAI=":{"valueMac":{"type":"Buffer","data":"AL0GsUc7sZVEGZRna8p4JHv2WV+/Hw7V5+EceOq0zeY="}},"OQu03us8mK5zvY24qdmO9DVqVa2y7QF5+P24GLq5BpM=":{"valueMac":{"type":"Buffer","data":"R3HvLTyxJpF+lJRwRZ2zbui/jlEqZgVA2HtQi65n9k0="}},"OV9HhUkdRv4a4nE9umrqsq4lFFNbsESbHdwL5C5sUWI=":{"valueMac":{"type":"Buffer","data":"A+P3HL8+BlsSV81fUtddBqoXxTTBIYOBOEsYmFkXR68="}},"OW47Us84zwizhXQO7rQcHkcXjMYxifyD3tC9B3qOYho=":{"valueMac":{"type":"Buffer","data":"wk+u54O9wbJck/x9SQhhCMZHTdxpxpNhavblUcrkLLI="}},"Oc9xo3geRWDb0kyPLs3K4MALHM+O8Pv4yRhpFxPv/7I=":{"valueMac":{"type":"Buffer","data":"1ycZLhss+6MObp970+R1yRbi3kzKcAYuEZJv5cAnPnk="}},"Ot8vvJG8fNanDBdtNWgq/D1gxbxCsLxRB5YoJ96o3dM=":{"valueMac":{"type":"Buffer","data":"Kimsm9w9MmkK/7tvVtmdkWkuWywFPkzGbXTdQ01xbdU="}},"O+DO+ADNnatByiVkmV9ek+F/PiTBSDAxB/LCDm6X8t8=":{"valueMac":{"type":"Buffer","data":"ABhIVgnMg9tQnZKaSRTpSNhSUDnPG7iJqqWJ60CuC/E="}},"PQBvZdO5bBgJfaXIuVZbySI++qTD40VBYrjyDpc3oG0=":{"valueMac":{"type":"Buffer","data":"3rSy9Yf59nFh7Ba0nJwlLz6cdz5ATJO9MCqJrOBY+J8="}},"PcMg7yEEom/d1H9IKrzKa6L3UO6jDEWrqMqfa83xz2E=":{"valueMac":{"type":"Buffer","data":"hPfMvkv48GrdGY7SEKCG9b4mmbolnlhuT5MReRRTYPg="}},"PjzPDfmCMi2G9WkBXcZrpzBGWI4zEIs1SBCwQvRv2sM=":{"valueMac":{"type":"Buffer","data":"GWvCIyTjVH/YMNCYZu6P1ah/j/im6jRM/EOJA7PHrnc="}},"PtGJFbB6QkUu8ict9kOUzBIpDwMumeRYcdlvH61HBa4=":{"valueMac":{"type":"Buffer","data":"lp1uS/32yko16xyhMXVlynaXZ2eyte4oLKzjasMIlps="}},"QYdTdAOhrO+7/UR2kZe2JXrFRxptXQgQ/EgOzIJ+FSk=":{"valueMac":{"type":"Buffer","data":"cbBCuS6PUbVVnt9ci7oswer8rSMhOgvga64IdmeI9xw="}},"Q5s25aWKwGy5ydDVW+TUhbvM3dCNHyriTE9vrqHxVq0=":{"valueMac":{"type":"Buffer","data":"V3MPZCVR70w0UtjpuN5/zLUcGOSObRFZTP2sQr3zjBU="}},"Q5vSQYirHmb4Og8AKU1JTHtCOcFPWOkGvTdqwy1nVxI=":{"valueMac":{"type":"Buffer","data":"12RrZQjgm4X/i70uTvxGPQJ2uOZd+OekhClBljc26uY="}},"Q6GQPm39ehl5ykIwj/bf1sart2UC+25YB6d77y7yfOc=":{"valueMac":{"type":"Buffer","data":"DkkIztFw0nl7jICf7DBdi/nlrYuZMwykyibzLVmtwzg="}},"REEPo50wY7Tics1OqzII5A3smw6Tm3pofZG18oytXb4=":{"valueMac":{"type":"Buffer","data":"1eNAz69Jnyn19KdGMTm85Rb65L2KQ1/oYTgJzhRhiEw="}},"RQWQtzH8W2G6oau38pzXClqT/5LqRj6H1LPlduB3Tdc=":{"valueMac":{"type":"Buffer","data":"wRct1AYPL555rkT4/sjnmdrNF3JGKVktffUzuF63L/8="}},"RTcjXFvDW6I9MXrmDOVKMcp0ogosC9sN+Ii3y0EpMZc=":{"valueMac":{"type":"Buffer","data":"DsQFLYV9Je3ngHrX2RsV3U6Sq/XBSCnlWVsI0lZaGQM="}},"RdClkkP5HUGH9t8zN7hw3lPv6blHwt3lGYURI0jqZFc=":{"valueMac":{"type":"Buffer","data":"9X07EuB9I+MLcpslhEdxcYinVW8LhP5jMyVQ1arZ4UU="}},"RkLODtlNIuYGKW+J55R4AcSEFJZc4OmQjj7N/O5Fpus=":{"valueMac":{"type":"Buffer","data":"7zbKiZ8oiEEgo3ZeshnU3OUWadABC4FgclqazY0ZAq4="}},"RtpKSEyL1XCyhw3g3mVCQ8SQjMb2FhfhkBRRH6/paD4=":{"valueMac":{"type":"Buffer","data":"vbrSfeIA89mzyYjPKNmeXq9+Kn+qqyLPtft8uDp26mY="}},"RvskEXu2qyxazSJ0W/eCJeZtpS3GLK/k4sP8kbohVSA=":{"valueMac":{"type":"Buffer","data":"VbNWoGuZvJzgkiktqTrXZmXqd1SvyepLTbCCBgwWt80="}},"RxXWKr0eHLwykroVl5yT8SgajtowkWNHJp6pu+D1aGM=":{"valueMac":{"type":"Buffer","data":"rhqS7eOgiMatOPXdOskI6gC4BcETYZAoa9HDWP6VCVI="}},"SHQjtqNoX4PXod7CUVsvXNW3l6DtgAKLV0YO46eSF6E=":{"valueMac":{"type":"Buffer","data":"5UEn2xgKdauz8qUatpe/B5vfK3FisxXYwZDkwo9D+bU="}},"SUVhdhdLHTB8KNgrkTxTsCCdRG4Eq2y0G+4C/OnFayg=":{"valueMac":{"type":"Buffer","data":"jbv44sPu5geq3SknwnpSVbME8AsdDNQxNc4PHQl5ddE="}},"Ss4fhw3GV2aamnVDBrSlVNN5HVpdF3Xkp+WyZOZ1Io8=":{"valueMac":{"type":"Buffer","data":"vx/1YLc6wzpANZKua6/Wh2Y+xGFFL+8zgdVbqxaFjOE="}},"S/yv7q4EOASD5cZRGTU8afjGg6LyZcStASDyNqyogpM=":{"valueMac":{"type":"Buffer","data":"fPUjtAumK0/UxlwM4s4LXxMnNUk+BEAM5ACrwuTf1m8="}},"Tcrsc7x57UXGsfOs0SPa/XcH7ImAkt47vonehsHG2ws=":{"valueMac":{"type":"Buffer","data":"0+JU8gGpCgT5WCcejvFSpHKPfdLDBim0y+e2+LLBoUQ="}},"Tun1v16VbOZxucMcCHEECEC+/pkbeX9a4Jdh4aPT6y0=":{"valueMac":{"type":"Buffer","data":"9sw3u/eVxAzamOsL1/N1z3yQyOb99TDNNN5uJSBhK9U="}},"TvlO/2VyIQJx8RVg9GBYvYqK9sp/ixiIY0TSkL4kVbg=":{"valueMac":{"type":"Buffer","data":"HgI3uCwZr4cS8/7q8XgrxziX6dVCCgPiT69FcqDoitU="}},"T6TzhpCkC6vopgBosOhOLa4SN22pdVaNpriLjVKL34E=":{"valueMac":{"type":"Buffer","data":"uBaQFSbWAwIduIOJrHGuEwKc+iKvsgqIPLKv0rEgdI8="}},"UZacRvrl89KHPMyxuJx4qNFLO9cF8Kdfi2R85W1wURY=":{"valueMac":{"type":"Buffer","data":"qB38DygP3Scez1WtraLDSfiKQ34qckD4szh40/0VrUI="}},"UeZMRqZ1xQsKnytR6EwTKgHJc6geAKxWpRoZOrg83Vw=":{"valueMac":{"type":"Buffer","data":"Ev1cIODu1wdRiC1dPl2ANi1X9YpVsaibh5pUK9QQIXU="}},"UjsXwm0EX1pLR2Oa471AcdCT7UO72KT39QGtGFW9OfY=":{"valueMac":{"type":"Buffer","data":"6KPWfAyhmfjgzOouWAU07+Kw5IptzuqMM5Fjmoa13d4="}},"ViLiWa/6jvIU0ntYk7Ij3pm0sOlMphTLyLb3ANAAFhY=":{"valueMac":{"type":"Buffer","data":"qk3FbhJgzvOK0CKwXRnFKsbBKVLWD7FseSdhjdyTLm8="}},"Vx9+PKSxn3ICHlpBBefozVKLIEbWOKsP71Mb5MdSxnU=":{"valueMac":{"type":"Buffer","data":"MHO13cjRMKFlqPUZzxGxkMmZqapckLg+NfrZOm8uJew="}},"WNxmipV4fvTw3fDojWTCYUcqiVkvxVVE3WmcltbquzM=":{"valueMac":{"type":"Buffer","data":"bI5b323fxnd/DVOGzhiF5CGB4/e5tYDSPwYlJpMXlO8="}},"WQxbd49o48EuKyx+xZS0v+jGjKULWhX+uNH6L0uiXWk=":{"valueMac":{"type":"Buffer","data":"aGigbpmT8G5wwYWIXO93HazaWehZKfxulGg2uttFBuU="}},"WVMTRm1Sbz3kX8mp3Bw1HzrNTJSWzRKuT/OLIqwYTZU=":{"valueMac":{"type":"Buffer","data":"qOV0WWJX8in96RtengOrd4y+MTl1n1RQ3nzG3ApiAss="}},"WdewpLCXKUzNOXCTKEq5como6YS5HWwCN9orOSjRkcY=":{"valueMac":{"type":"Buffer","data":"xglKo/340p3xHW0kuUbXd7dTuc72rr+TvGWJizwSYH0="}},"WholPo2/KlwkR67cJ/n/INt8EG5kipdOVuMkPOi9wio=":{"valueMac":{"type":"Buffer","data":"3bGDZjGweL2YzDgnI2X2ny4Sx7xp0Ap5R6uzEuuZ2MY="}},"WifOYXMf3NhdmYPgLw5qqhWzL26F0Il5CtSKaOZA8sU=":{"valueMac":{"type":"Buffer","data":"i4SBx9BuemuWNlSI+N0ekqpb3XLXFFJikMpJ4MfHqD4="}},"WlXhRwryB80yMm1Xe8F+Wf0kP7iGyTglko5LqSr9i4g=":{"valueMac":{"type":"Buffer","data":"lgRvPEvNh5EUPBYfpAIcQi1VJ3lcTFmdpvswlu1wji0="}},"XOINEJCR+pUW0k6DSNDmLg8ciSIydW60Idct7dQORIg=":{"valueMac":{"type":"Buffer","data":"hfq+4KEoFICMSGk7UCMzXiAx39J0JE8Wnvza2ij763M="}},"XWJM4vVCq+SnhPicwfG4H4BZbNxn4n+f9pWK155fUSo=":{"valueMac":{"type":"Buffer","data":"Nh1xkc31MqkNPHjHXsvwuK+DeMaMhkPQMdItq/gzKKk="}},"XX9ve6OCE38HvQlCdA3YLk3psFG4rDqqiodud/zVTbU=":{"valueMac":{"type":"Buffer","data":"u/mCwgx0T3JI5KXuHtKbZAbqGks2/iOvDL4ipmZSIZQ="}},"Xx1FkVEAa9ZbGmXrB6GnzaEnEJlR+f1ZVd8yPYr5aIg=":{"valueMac":{"type":"Buffer","data":"lVRTEzGmc0+lXundvB1wN0xCK3L8GJUkFwlhmQJs7hQ="}},"YrnKBYCyhvbRdDVwjs2Q2Uq1PV4Ti2QhHgnnxF/uuaM=":{"valueMac":{"type":"Buffer","data":"n9f2xMpGcMe+FgqdtgG+FyQbEw0z5s75FVRPDDxMtXs="}},"Yt3g+eq4Cn+iZctIy/nqQ+WARcATTLzYAcTCr4/UexA=":{"valueMac":{"type":"Buffer","data":"Ervz+nrOC+R+tQ+ngaWgROTUz8Q1Xu1pa2aLxwvUuC4="}},"Yu5xj/G+5e+obKhl0gdJROsJBZStYg+l8WGU1jQ9+G0=":{"valueMac":{"type":"Buffer","data":"KwHw5HKqnyKzZY2nKK/izK0/1ADvNpD4ZBmcbzAcLIY="}},"Y38tG4FAdowxwDDANCp6bNf9U6Zt5dIBB0THxwVL/R8=":{"valueMac":{"type":"Buffer","data":"7FlpzPPR5tzH9KmZ7kf5IPoQIO6hVOqkKk3fMxVRJlU="}},"ZHkyLSpQ7y4ybylNkHh9e8zOTD5dxkzO0LTU7Cz7xTk=":{"valueMac":{"type":"Buffer","data":"XmYXckl5iwc4mtx+ifF4aiL6CzQSjgxH5mRVh13BwII="}},"Zy8DlDO1l67OdS4foBvZcqoYzVMxSeeYopmilamDwBQ=":{"valueMac":{"type":"Buffer","data":"1LAccMHy6lCLruPc3SrhDSZZDeXeZEkRzhhPIFH/lJc="}},"Z2AuCTMQIMUdKplzEXw6Sod+txCAYUycEfwv6GmKEwk=":{"valueMac":{"type":"Buffer","data":"NaXsEjzL9kIYNh1B88b9P+zoWcTTSy9o6O599FN7zdc="}},"Z4LUmV4AVxpYRInfq1ZVZwP/IfpZTKihQO2GYaRsxis=":{"valueMac":{"type":"Buffer","data":"DxcnSV1Lc3QahV/6UPDy6zC9tDP5bX8Mh3E7Lm3vYoA="}},"Z9S4YBYQdKaai8iZsrzOJxdesyxUrGNdl6QcAntcFYI=":{"valueMac":{"type":"Buffer","data":"qBUV+0tn262OQQBKWI1D/bnGUBGKZN7VbW1XGMFWt7Y="}},"aASH565WyeoP7u7v6bMXsbSVCNBgXrj6tx/EfsuEtBU=":{"valueMac":{"type":"Buffer","data":"2rucRtYdnlEkKZN9HE1O/9RUfm3DQ0Jy1Uqtvtrw3hU="}},"aAZMUStU7FhEEuZFjJJ+YGyMopG5we1mB2qeiOkM+mQ=":{"valueMac":{"type":"Buffer","data":"gRnpkcqk67W6LRgUapR0O6p/qBjHvycomp7faagkdCA="}},"aDBsfki5zTqm0kynBPK5Bxdpoadc2qzoZ4uDt0PNLhU=":{"valueMac":{"type":"Buffer","data":"mI743wM27DhiALBtGf+8NXX7oY+3yp9BZIpEKGuWMwg="}},"aHaGr1U3Hs4nlqwAbm/d11aCUbsZqUs+IQsoY/Ldv7Y=":{"valueMac":{"type":"Buffer","data":"xIGc0lKwKd93Z5m7ceq3Hw8VVhXP+WDbCbSBYEcTdWE="}},"aRc1aNc35zjqUcs/jPtGbDl9IJ0lQmR+RmxqnWkIIHQ=":{"valueMac":{"type":"Buffer","data":"u9aA7WVZTjiQHJDq83jHvrHECYUb1agK+5SRGlEoCqM="}},"ajcJ7fijnnOk2+3oZ1cCPn6zErdMlkLZ/XzLYs4fdDQ=":{"valueMac":{"type":"Buffer","data":"CyYOYdBrlyfeFAw+GazXZMxoM6PGDyeECRGJnYOediY="}},"a9gbGy8jIV50EDmQUR8sEFD2JqR3guLQHkBVvEIdLwU=":{"valueMac":{"type":"Buffer","data":"PBFA2pAMEohea6NibagcOMzZSymnjnfHRtKn7j4e1m4="}},"a+Mycn0MoDU1SZVM4Pi+RvQxZGpjvo8W/sTFt4B0tvQ=":{"valueMac":{"type":"Buffer","data":"0LwEe3WbOizStVKN6di71UnONx6IyKVz1LeRjlXi8Uk="}},"bMcxle1XtBWTQ60u/qJjvw07W49JRxKVuZ/kkwKaBMk=":{"valueMac":{"type":"Buffer","data":"pmuhBWUGey9xHYWhMT93U3IeGr4Y52PxdNpADHoFIRU="}},"bMm+tmPAv8Tr+u/Pv+xbec3FHpf7bxiddQk6rflOECU=":{"valueMac":{"type":"Buffer","data":"i8PYyxuSspTQ5QTtkF8LFZxDang2tl4EF3/eaAF6JL0="}},"baMfYOESqtTGH79A++Ud+tlCc7mEY8GYt+KpzI1p3ps=":{"valueMac":{"type":"Buffer","data":"rTi8zQQkntQYlAwlPKZ4hQ0AXa9TwZ74SkNkAL6a8uk="}},"bgfqxVE9gpycsuZMYzl19v67Ih2g/rD4mxGTumz0ess=":{"valueMac":{"type":"Buffer","data":"utoC/nfjV+nDU7Vx5sgqgAkKa0zcEGoaUsFlTIKflOY="}},"bqA2PN1LwE8aUis6PEx7Z/pNSlnbPufd0xaaAI6CHOQ=":{"valueMac":{"type":"Buffer","data":"qLMEm/wCrWsUGU5z/g9u74QbzBiZLqmJIGOhz1v5WmM="}},"bwhj2mEp0WDCEicP5hdZ0nGg7tBp8AJaZtaFTMgklEk=":{"valueMac":{"type":"Buffer","data":"dIBv09BOY3Dw1SbusPfeLv8hzHvxeXlj1ALBWDRzmQQ="}},"b9UgM72v8T+PIGydnoSgevJc2RJmLnWwbxYJyqsk2Gg=":{"valueMac":{"type":"Buffer","data":"S8IDiRtvhRQ8S6YDjbNnJNAFh1Dtc974oYxihAstq+s="}},"b/o7MOtI7t/YWAgspKbEIR+VTCek8D3qDpe1XLVp1Uo=":{"valueMac":{"type":"Buffer","data":"o4NvuVKME7Cvy/bOmhpcEZm4+N2tecEz9duwUk9jvbU="}},"cZnb9ZbK/yrRfmu2Bwp8+UbNV6XZXY3Ao8w7d9ki6sY=":{"valueMac":{"type":"Buffer","data":"x5Aw8EgoO1Y7kBGKzbYyH5w+h3NTXoGppiKPDWV1ZnQ="}},"cnBO4xK1O+ksZ7AztSK0hhbsSZwfKZMJwM9/vicJjk8=":{"valueMac":{"type":"Buffer","data":"KpUKW7+rjLXED8M/46+ceYVsA6OMGqTB4uPfrK+6+nY="}},"cnuDOdlD0uK+mMpU0/Yzw+vwbi8N+AaqR1eOshkR+ns=":{"valueMac":{"type":"Buffer","data":"IFZrB9Ty0KkXgjey1EXGETGM9OLptjaPDcapHYp7iqQ="}},"crlgOfroX/q+hoRY9rb3V+MKdftUdeDr7rxu3Gz1nxI=":{"valueMac":{"type":"Buffer","data":"38alNWDPduqeZySXKv9XCLUHPGMztNwittfbeRT30Tk="}},"ctf/BMKMgi6Fzb80p3sAo7ghxYRVsXKMQ+7BQb+TQj4=":{"valueMac":{"type":"Buffer","data":"jqi7Gf3C/j+lykHAv8UUwR1Gd322hONsHpdWvIGasrM="}},"c3Yr+vl6y/cNufIB5lsrlaiyPosuDT7W4beyuzz2MFM=":{"valueMac":{"type":"Buffer","data":"8CxeZEVqsJxvTTQAzFCYmhQ0LnLg4A400iiqtURoDdY="}},"c6HzRl/0RmnD1rdm4D04NxJldnE4BeMyahW3ZnGPuwk=":{"valueMac":{"type":"Buffer","data":"ahjLea6je/E3WF5hYx9HcrJ85NF8lcDPPu7BniHeRi4="}},"c839Cou4MljvYKkGzGqiSX9bL/CyW8wULpdl3f14Kc8=":{"valueMac":{"type":"Buffer","data":"PTW8u7DKFCALMqX+5oecQgBBBPzxB5dBSCk83I2YK2Y="}},"ddEzVXkL+eAjCXyhzcDKbYfbMEFHLPj0zlhm0rJzrzc=":{"valueMac":{"type":"Buffer","data":"uIWGal5wyULbO2Etnu/4Nmk6a4MW/hfYh48euNK3NPY="}},"dgb8gfkjCYGT8n/KUJXd1mjiXwrXZjbmPhb2WnMJ54A=":{"valueMac":{"type":"Buffer","data":"86KDTeklTrRGrGx3VQK1/mg0VQgr39OXsmg+tewcHY4="}},"eOwt7znCfVHmyM7StCGDNVJyLGPKdMMfr60OIpCvWuI=":{"valueMac":{"type":"Buffer","data":"lerZBXiNGHvNAWFV6r06IoGxO2RE3LMt4qiB/Ke4npM="}},"eTy/IiTuKSxUdyE62ftUX/ibdbAbS9sLA3/QqcIQBXI=":{"valueMac":{"type":"Buffer","data":"u5BeP5v/0xQgISSboEjiaqnnBUaBTCB6GhsprFn+Nwg="}},"ehyPN5YXLtqy4o32neNFm7rx6vBbd12wN+hiLRjZzFU=":{"valueMac":{"type":"Buffer","data":"kyGmqks+6sCigFzu3QxoPWUjslpJ4izU2VomhQKd078="}},"epxclURtoLtX0hZKo+FAwW8bGcb4mjrEMsGBExd1FEY=":{"valueMac":{"type":"Buffer","data":"RtidholresbMhG2qxFA3u1yFLAr+KKHeqkdZ7m8nIqY="}},"esIRQ4dvhfGP7w+VjDlDk5ENTwlhEKaBp4lfuj/XBKU=":{"valueMac":{"type":"Buffer","data":"7rUfIMztBiQAF3SKVD3C/HkjIL1MRGdJbv6vkR8tVo4="}},"esyTUrsYIV5vX4wE7K2WgV5+1njYsQQl80T08J3EBU4=":{"valueMac":{"type":"Buffer","data":"8GSbycBLduaoLtvK+FbuAu9FSgoFBUEWKT0bHoBo5xw="}},"fByYmKtr1ObAnVSP+fLOpSwc/0v+R3fgZYhhTBZrckI=":{"valueMac":{"type":"Buffer","data":"+ehN3b52iDzcBiemZcW/I0SwKagQrstyrYxqlmZF040="}},"fDcDIx7YnDpygTVZzlygMXBmpaa+QKLqdi9olUkDiqY=":{"valueMac":{"type":"Buffer","data":"Nm9y7K6AJ7vUnrHliLteX06DaGqZkQNPpcitE63+gck="}},"fD8h/kDmnVn76wy54lqmPtoDHjcoSbA9X9zuJxuAcFA=":{"valueMac":{"type":"Buffer","data":"KDsqVAt+YpiLCn6gWBLNCplXv+NFPjA8cfg+9Vb0xAY="}},"fIwX+IjoX+ttr6uwsVQm8Cn/EedVduXia2RsactmcrM=":{"valueMac":{"type":"Buffer","data":"+OFSwrwpizVWrpsLn/DLPQ5TdNYvsF6SBwZSugBf6w0="}},"fTiDVU5pLQC6XZvwyis8xplEBDgjXawj56wwnskBaXo=":{"valueMac":{"type":"Buffer","data":"WpRWhkYbLI+gexvxRigi59sE75ROsyNjPCxpq98Dp+w="}},"frGKCbcjaoKZNwYbz7d2PDwNApfWeUKk54EmcWATVQQ=":{"valueMac":{"type":"Buffer","data":"0w1j1hb9bPZ3swLHH18rU89CRlG9BhOLPDQK5ZEj780="}},"f0VHh17/sSTYZl+NwKp1TJD+v9vfwuvAKSyWh537qeE=":{"valueMac":{"type":"Buffer","data":"Ro8ZD5qGqw2SkRldHrAQtLok4vxM0bvtycMG34VxFAE="}},"gYhYhmywm0yCdfnFKWKqRtUeTDVBLpabGnW4RxDe/HI=":{"valueMac":{"type":"Buffer","data":"f219kraTlqyCYwx2Lf3bZy5rdXU+vgz5otx9lJuEhuw="}},"gbLUPoBHjcrIbX6dlEFwOcHvKmGXNLnZIz4NrrO438Q=":{"valueMac":{"type":"Buffer","data":"8T0TIBVc2rWostQiNbqyfiOzpohK3/6c66kUxZ07p5s="}},"g9ZHCOwCy935LCyA+mwbtc2nJW0BKw1Z65SH9fwECm0=":{"valueMac":{"type":"Buffer","data":"10AJEm65UEsoYJfIwxbHmGQwhS8xrKiv+vBE/QeiAMM="}},"hUtr2fRRwBHF+F9Xj2njqIPB9/RYyjfnzPsFzGVV8X0=":{"valueMac":{"type":"Buffer","data":"ab+w4m6tliQUHLT6dQ5VscPbM+QtmcSZR4rgqG5gEQU="}},"hXc+Wd8o3lAsXOQN5n1KE68T7dPqveM8VdtHYAn0q6M=":{"valueMac":{"type":"Buffer","data":"5g8Fyqu008LMe+2QhmIDQRaxcS4WmVDXVgS8oqxt/kA="}},"hmLkeXjGnHx2e9QCjileRyoT4UN+HLa2olR1cEougN0=":{"valueMac":{"type":"Buffer","data":"h8gGHecDyJRKFPUim7x4O/ozH5eZ2VkyIrjAuVHXNKQ="}},"h9eQ3nWfMDEw+VHciFT1IvPwedSYJFlZEDCR/CdQTjo=":{"valueMac":{"type":"Buffer","data":"c5EagSsU2S+J/f/X3n8o3n1M4vMyRE3c7381lmWRVGQ="}},"iLlogdrIstQscDNYFdUv/s13ka9n4rBl6Rs7U6Ys60Y=":{"valueMac":{"type":"Buffer","data":"SViYebb0OIMFa0RaQabLn5bqPr4YXqjXWyMU1NDG1qg="}},"iM7V+BELnxp5mGA85NXjBtO0PYOGO45y+0j7AEVYCMI=":{"valueMac":{"type":"Buffer","data":"eUHJorM1Y7qCEgiee28A3JXGL18QiohMjo22TXZ7A/E="}},"iWc8AVm/YZ7rvVtjUPWEnFpEvInPNjNT+nA97QDnnbk=":{"valueMac":{"type":"Buffer","data":"wk1a5CCoI7BG2Ovz1Pw7DdKM0hV37dXFtlpCP/kREks="}},"ij2DDMIOLAPV/WyyRcfrowebs8VoC+ixYGWvRJprKMk=":{"valueMac":{"type":"Buffer","data":"N21sAmPSEIiA/B8XZEDbOT6eRqa8M43ou196QNNkx0M="}},"imJnofppJnxPLmJsCs/82/jhoM/+sYJBH2fgfYzX2Vk=":{"valueMac":{"type":"Buffer","data":"/zE0D+YNAwOyP8VkHZJtH5bHcYM15scnncvqs0yFKV0="}},"ioNK8lfZ6XKD3zr+KQAg65sSo0YP1Z3IzzISAbFf9N8=":{"valueMac":{"type":"Buffer","data":"v1xv4oXLIZr7Wsw6jEbkwbbsyoOqqR55B0dt+BsOXa4="}},"i5mLYs2VlrKSapqEP5D8quxa3/Z9l30oEw800SiLR8k=":{"valueMac":{"type":"Buffer","data":"NEQC66wiPmNGSl0fg1rzYbDhCEk/OUiiJzS27lwhDY0="}},"i6YcyxXWvRnge2NnovRpNkZpsYeBFWvHkHoH+akjt7w=":{"valueMac":{"type":"Buffer","data":"55aVQtR7pNN/Pm2Mr1jAhZAskopTI9VhjBS3w2XIC/Y="}},"i73P+50/Nq5m8t13PiiXOGK8O6pw6XsTNatM9MGnGOk=":{"valueMac":{"type":"Buffer","data":"RHKqryv5OzxQ9Fcam+7kq7JpV/+Pb/rPXfHNpeaeIjg="}},"jYhFJs2XkqSBpsmWEOaU3eIgcvtXj36qzaLemqQ8Olg=":{"valueMac":{"type":"Buffer","data":"p4sAsyc3xe/hKyds6NGd9eO4p4aGWtOgSgrC+E0Tzlw="}},"jZTt7XZz+YbnKJozhfM2mCswsqFcwIprE50bUJkK0Yo=":{"valueMac":{"type":"Buffer","data":"czuRpmw5MVuSC6DnLmfphYOZ9vXIkWz21Jf8VBY7b6o="}},"j0o3M++TMJpcEQAxiOv/LicGpS1laUgBiIdPb5OOzdA=":{"valueMac":{"type":"Buffer","data":"MmIgjzGlYI5o/+DpWOUBw91G35w1iE0HVAkrKZCElVU="}},"j88d/n66icwc8oe7kOYyRLkzc1Oqu+GYKtGoU15P6r8=":{"valueMac":{"type":"Buffer","data":"8yWhbdH4qcCU9U1lVG4So5r2bx8K9oSibz+vxDM5rsg="}},"kCdoPGOwITalIWdgTQa7tVlG/Mu/76XAKZTl2IH7ro4=":{"valueMac":{"type":"Buffer","data":"F29OuWOFNF1Jd6BlBZZfDiLDAPXK5RRhNn6b7YQO3mQ="}},"kOvpOWfa3JnlgfZn0Jlih0JaCSKl1nLMOO1lwsfMEcI=":{"valueMac":{"type":"Buffer","data":"ykRGKKcRoxLkPJMMTiDY9SfHxRc5ikn5SZjuSNOZDFo="}},"kpHVLvyzebMmx/mHU0GdbqTL7GBLAuE0U1tKMEVDfrA=":{"valueMac":{"type":"Buffer","data":"oAEa17mQ8z4pTk4USYAYVsJSxn9kUresGogQNS6NAHY="}},"kpnr9tykJNPDhq3grB/ekqNLbPSf31KfbnsxFb7STqE=":{"valueMac":{"type":"Buffer","data":"CwQb8NZvlTUom0kGotEcVfW2p5ti97LwyOt4eDtxQ+A="}},"k2nmBP3ERprQwqNFiiJCd/+9vTJ9miUOHMZvpbh016w=":{"valueMac":{"type":"Buffer","data":"Qu9WH6LjDXJJV6jM29FuB6+w77xbUrI5UmlUyB/cdJQ="}},"k31Q667NHnfKYMFgdSCxLSsyg5kBZrYtGIU7V7RpXtY=":{"valueMac":{"type":"Buffer","data":"kyexRAtz1+yOCY/sup8WlAqVzTw5TlDfVXE7BOrB+1I="}},"lHE++zPJpYnHNeSu6+kRIoVvXbQfKOvU58Riloi4L+I=":{"valueMac":{"type":"Buffer","data":"8ulMtbw+ij3xa7dLyQUS9XBuU8PVKf6NN2KtqBI5Av8="}},"lHoQ5wpMON0KgOX7Wyb6ndyaaGGjwZpbmvXIPigWxTY=":{"valueMac":{"type":"Buffer","data":"3ghv3wXTcx36ZXXGhWsqNbE9lZTebvIYv1NsZVzon2s="}},"lzD+boXEcODGyQDYLLbfRZhcASRlJkaQ8QwJg7p/jnk=":{"valueMac":{"type":"Buffer","data":"ebrSia714W9YFA5L9d8OldnqpzfDg0+5g93s6PkGbAE="}},"l42RaYH7qFzO5bxUR3VKcZIK2D/iJoslJFE11LqSIJc=":{"valueMac":{"type":"Buffer","data":"EveNdlVBYCTnplgvcrXr+S3VoQnl6vlJf6QnpBw39fQ="}},"mYHFfZbROG/2RS9qbOVbTwXVHWc0C/bFefZZvdw/Rhc=":{"valueMac":{"type":"Buffer","data":"xvbEMqn/Ay+ZSRmMA+MNWRWg51OslPl9/oYOuZTAOmI="}},"mo77WIBqTkGNsQm2Eo+75r7ax2nGI2tmz0d+ifYVN3U=":{"valueMac":{"type":"Buffer","data":"cHZyZvjfoNxeUPpglBDORDEWt+cxZyD5RuVlPAlGS64="}},"m2nSmQ14YvbEgeqCQs51O9IxfY+b5BC1Z3fcYrSJJGs=":{"valueMac":{"type":"Buffer","data":"6yJmNailgXWijJbuHbCO5bQgnpLj0pp665UfaOj2PNA="}},"nVrEqcdzm/gafOFBam28TQtLFPzThkX8EetcW8bgfg4=":{"valueMac":{"type":"Buffer","data":"2Z2SeU69xijlaBFsA/PHLplY9zGBURPXEvyM9M0pyv0="}},"nf1YbL20asZ0CuUiCJ7xXefzELwoQIFwrwONlkN7ssU=":{"valueMac":{"type":"Buffer","data":"iGnxBnPCEnYH0fffIw1BOL85Io8NAEeitSORJ5j9Lvk="}},"n3Qw+3CgBt63nH6q3IXqkRwFNeC6NLFAH90eGckInaI=":{"valueMac":{"type":"Buffer","data":"xLAPsnSwvmdrl5Z9yPNQF6dqrZyF8DDh0KE0xwj21B8="}},"oR0V4dwgmEEV/6IT6wrO36Sx/56QWWl8nl3fHtlzGks=":{"valueMac":{"type":"Buffer","data":"52DcjWWlzDwLahjQgtKrc9GwJu8a3dT2PdIs0y7r5sE="}},"oVFcaUaZUs7zJ2XRxvmdUWV8gRO+I9aqHvOOuvMOblc=":{"valueMac":{"type":"Buffer","data":"mrNLe2wXeU9im3rsKes1Ft/3qTggJq2gJ5F46/hU6bo="}},"oV5oq0aHXPK4RCDKzKeF7dv4IIRMSG3U5JEajAudW84=":{"valueMac":{"type":"Buffer","data":"ViE2/zhhYg4WCUN9RQMPGzlE4jYR1b2ZmgCaTcE4A6Q="}},"otrPAAwS2U89GFyXUlba3LS1FvMdwlrqPUxWpJnWJ24=":{"valueMac":{"type":"Buffer","data":"8YaSTrbwbbsWqD+QgoOaY5Q56BlbnfWOUCPw3jKFMVo="}},"ovp9jw9RM6fGIWuolqNe4w+RVKn0ceyVaZCDri/RZGQ=":{"valueMac":{"type":"Buffer","data":"mmtZV6ltB6qm+vsW52YqgxFTfrOSFOr88NBzt8KFR60="}},"pCRk91+X4cpeguEm6GCtRgWvBap+e07/+iNlJwByP4E=":{"valueMac":{"type":"Buffer","data":"0h3II9QuMimhklnSAA9J83MdjLzA02yYyDUdvDds7io="}},"pCSUC7GNrD9wVWuB3KLyrprjsRGTY6j/nzMCTcQiqxE=":{"valueMac":{"type":"Buffer","data":"yhg/Jz84PnQXClpf9J59OT7TYYiL528vTw2WEE/JbmY="}},"pLgXePwsmAkwoXq/RdY4AjCBTHdF5dlsrz0hvr6clfU=":{"valueMac":{"type":"Buffer","data":"eiwrWl76sZUUpAWk18EUERjgE5Z7FSZcfjUi2lfOaPI="}},"pV1qNGt63PVlksuEHXNtODW3D4JV6g5HkRuNPqYqByY=":{"valueMac":{"type":"Buffer","data":"tn94RYK9OnOYBoMmSK/JNFmR8aPFAJN5orV025uH5ow="}},"pZvgICXbUvoDBdlqo8KvqqDHlLh1b8fgbNnrp/7NC3I=":{"valueMac":{"type":"Buffer","data":"pPRNi/IWROwNA9zZRszndES1czzlIxXZyVqpuGic0oM="}},"pvyyRjfM7ENZOFyFbyTAlF8kSM1ZMJkA2K01NR7pTIY=":{"valueMac":{"type":"Buffer","data":"a7HtdiZGa2JA1pbKqJjA6eI/uq0ITVGR/F8HIJKizCs="}},"px3GIWUy9AxV6b4LBW71lGlhqezVYRsL4Mn4WFmXWvg=":{"valueMac":{"type":"Buffer","data":"5CmakXe7xsE4FkygPiDMsbjIw+ru9zkbnXeXWQVC8SI="}},"qBDxKxKNaKtDFDbjKawOjlGS/eQe85WkcxeoBtKiNiM=":{"valueMac":{"type":"Buffer","data":"BEee+d7g0UhmV2EH3jTDGTigk3EsgvS258ZoOKtVT/E="}},"qxWc82PyMx48FGExtGAaI9ABZrULoZFfxiI/VRgI9Dc=":{"valueMac":{"type":"Buffer","data":"GqvWbiYUpIc1TT01ARG+8rMNa75qVoanGjyfWITEhBY="}},"q1mZoYO+Y9QevPUUxG+H4RRtUsF6dOsLckYI92qOy/E=":{"valueMac":{"type":"Buffer","data":"/5oGXc58WkK6jFGHbLmi3LRWAJ+tIe/zBqCZY2dxl+4="}},"q5QPKyL6IxsEq7qqmSIOK1Tv4NDJO3lMPRAPJwfHFmY=":{"valueMac":{"type":"Buffer","data":"0ltyN8GLY2hHvtVPdzSoXMWl0RJ/Kztv9I8LyTdEabU="}},"rAegp3fzx2M53tpWGmqpZX/JxCKmnzJQ8a2kk5BoZmQ=":{"valueMac":{"type":"Buffer","data":"6fjtvNr7tDO3yRHfD3f5jQdNS76UQjKK2jktFQwji88="}},"rClJuem/EedUzFLHxajme9gQVr7fjd+2nx2rb7U56xI=":{"valueMac":{"type":"Buffer","data":"nLKcw2DeWmsVPZ2btWb1ZvJ1vzVtbcdErEXIqxlbaJ0="}},"rLB8DlSqJGgDT6UHRRmx+/GQusdhf9/9V/TN6UxMI9w=":{"valueMac":{"type":"Buffer","data":"3TWUdQ75WkOO1HdCJZy7QmygAzlmVbx0f3/ApAuK+IU="}},"rgrz3DfRrY0HPLq1kGWkAcZpIuNmSvpa5tdPKCcbkNU=":{"valueMac":{"type":"Buffer","data":"BN+o+J+G6S41bV9/LOUmcRBWHRopFid9a+yvTwOem0M="}},"rmC+mdWfGfx+o71RzcFBb3E+p6wADXW3WudPrkbfB/c=":{"valueMac":{"type":"Buffer","data":"zjMSSAs5hw0JbrRHUBK8y+vm/qYC7ZBssxd+AW1zFS8="}},"sMyFudcK9jE2heov94V9eSNxzct3u4qr2DOW72RAwBA=":{"valueMac":{"type":"Buffer","data":"LwUyfKBMK6Dec3aHw/jlnkSpbyGHFiucHv107bAw10I="}},"sNiB6UqyoXeDY4vB1u0s8Rytd3Xat/DbJsJS3Hw5wXY=":{"valueMac":{"type":"Buffer","data":"eiPP/u0OoKr14KM9uTWoTSaybSBzErmQN5u9npeLpnw="}},"sTI4JyDzV0r5VJLDget8/iUFfykJgrVIl45DtdAdkNk=":{"valueMac":{"type":"Buffer","data":"el3ScPiVyXiY/urqZ132AXIaEVqtlOVRbJyC811aw5U="}},"sjOG3WqRjy7Sj5QN+fiRsU5epxHabLtfB0dTpvTzno0=":{"valueMac":{"type":"Buffer","data":"rgBtUDzB/AvPEgkMJ6ydcpiz2p2Oh/ksOrafGafaPaA="}},"snz1wpAVs6Yhy49Oz051oxho4zHwoaAYUaSF/mhAFro=":{"valueMac":{"type":"Buffer","data":"c/iD9YUY7GvWRNK0YSOlF5GL41WDxTMuYK9UfiAlGlE="}},"tAqRbg7YdzdwoyEV6+dMN5IqY/oywyRki4kfb0kvz/g=":{"valueMac":{"type":"Buffer","data":"XI7zGMVgU5IkR6KeBdu8tV3bISXfK2Df1r94cOqtMM0="}},"tWPxYrs8Zg1a/qgVUuawzm5SZ0h42SRpEIWulDAg1P8=":{"valueMac":{"type":"Buffer","data":"fzmCojbhvTXlWObdRiYueEVmkefV0QQzBkSj/pl94Lk="}},"te0h3vGBKhDTPj7COxyz7RfoGDLqv969FzWmiVyKCj4=":{"valueMac":{"type":"Buffer","data":"poDnz7KDVkDQrt0Cv7Q6GQGLCHDtpU/9E2IRbfki7UI="}},"tu8U1tr9OqBQ8YYf19m4s/BfbgqP4n43gbSV+3na6YM=":{"valueMac":{"type":"Buffer","data":"HQ8DtnOcr2biJA/hccFlqMBwF6BgcFXPynmPrMyBfik="}},"twySSXjb7pcJzFvMQ0QChD6yHHHQ630g7sGishEQeiE=":{"valueMac":{"type":"Buffer","data":"s84DMCMQMeTsE+TqMcrWsQj52Gk9kzkeCJuceHKG4Dk="}},"uLC8N7OTNigK1O0T3cl5r9R7ApQLsA5z4Tehm7tv39Y=":{"valueMac":{"type":"Buffer","data":"wrAAF/q4wri6JqNkrho/c/FIOQ3g8+lhZyafpzeNbXU="}},"uOlPSknScJEdjm8z9xfLH4a2jhPiTRNSTtvrnDJ4RDU=":{"valueMac":{"type":"Buffer","data":"HXb5Da613Y2HAOYyOLXC/yv/2GBpROUvzCIiBO4iRpk="}},"u02xR+oPh90O1SwDfHAbXvSdpSKBfU7FGhU/ksR+ouw=":{"valueMac":{"type":"Buffer","data":"POmYw8dUdEH8oFiygNQu/c0V6J3Orm3iMEyhHaen2Oo="}},"vKU/aO5EVNaHbJ9BwiH2OF1MvKG/WWT9mtVP6KjM3g8=":{"valueMac":{"type":"Buffer","data":"3kvHtlsLaATqovnHJxQ44/BSHKckXmBpcJhlw4Vm9Ds="}},"vKdwYzZBMBgwP8aoKBsThby2Rlr7roOd6VoVlM7OGSQ=":{"valueMac":{"type":"Buffer","data":"R9wh7jEB+RY40U3dA5Q62vh+QH8UwagDN78OZ61Odh4="}},"vPMjhNZC3wIsSlryjbUyFW136NRPTTGEhhHIuJ3K/LE=":{"valueMac":{"type":"Buffer","data":"lLxEmnbF6DCEd33etNaNYhAmC2ETQ+nYKlmAOb47nEw="}},"vPlRolJEQVa9DgS5lH2wQ2/v5zhRcLpDntX01rCk5VQ=":{"valueMac":{"type":"Buffer","data":"0XP0MLVY4y79QIozgbUcAhExARYzKL/K8cyEJ13E8UE="}},"vT9n1unq2enZSdcCL9aMhjjNHEJjF3zMo8T3t6qFCZM=":{"valueMac":{"type":"Buffer","data":"NKthDr2HG6rU8nD3AIiC2yJY3fbsGNTEDCOAboZMQvI="}},"vcCukBNmxUB+cjYTAYfsj9owe5RYopN4Ha6ttXXMOSY=":{"valueMac":{"type":"Buffer","data":"Jg/NELgweWzce/UKpWQpHF577gDw3YudwihtndzNh5s="}},"veIurXNuHFv5AOzEFlkQmNMCuWnxhX65HpFk9WmPTGg=":{"valueMac":{"type":"Buffer","data":"ttikJKcpyb+O74ZNc2cvlZal6JwB7HspHPXrbkFZMcI="}},"vfizNlP5PjXS1tM2Lo2chjMB9GS050atej12oG/SOnA=":{"valueMac":{"type":"Buffer","data":"Efzo/6+Py1aw1A1LAARU1MASbojIO9gaN8fsnJG5F6Y="}},"v9hXV1Hex6xtYVSb41KuYeP40XvCCMwpLSbMoQurzak=":{"valueMac":{"type":"Buffer","data":"TAbT+kN1AooanTfheT4Aidei1s/+BzFiU5p8CRuTqDY="}},"wDD13YiB2CParV34ZmMjpW2TxY6aQhx3CwUihEFsv8g=":{"valueMac":{"type":"Buffer","data":"n6oxvyyGo+QF9rZ4nQ8WCSJZtfXnCyk5rMRcZhVOilc="}},"wFqI9jqDxdjAPc6ehPYDuh8fAoIRilu+JtOpyDr6Rdk=":{"valueMac":{"type":"Buffer","data":"MfOBfhpnIq74rkZpsUNzhay3CLccvkEfK8q0ENFTlgs="}},"wIM//zU7vYqAAMckXRH0lJIsIB+TNUD2rXmNwAzu7J8=":{"valueMac":{"type":"Buffer","data":"94WYSyhi9MJYoyD8mRWWfECVFGH3TXm+L/NSNSpZs7c="}},"w23sNbuQj5VEhrtnhqA/+MAH3LzJZwPWK4LZQXdHw0E=":{"valueMac":{"type":"Buffer","data":"V92olCRJf+RZHYalI1u9WTnYZG/WWmjmNXkgYYkuJ+c="}},"xNlON9+AZJa1tXHL7VnpM4vlzoW9+45kif1lzghnSek=":{"valueMac":{"type":"Buffer","data":"0LTY23iJmQTljA5ptJZ+f6HcGhj3qoXEZ1fQ7tDXfZU="}},"x7H5AYDOto1V2Lrk2Gb2y4J3TsHPBbZCp6r7OZ7ANU4=":{"valueMac":{"type":"Buffer","data":"fQONAf48BB5Ya18Uz80RLO58nmvuQxNSkmxrzJNX1rk="}},"yN75HS4n2GqMorchHx0+Vq17OFgQH1LyTxqL1GM+xuQ=":{"valueMac":{"type":"Buffer","data":"gpIBPjF8R6tBtO0+GeVdikZ6ndnJkfkY61l8hYXRuwY="}},"yOZSae20wt9E7suCmaI5RluQkblQkYCSPqqM6gdpmF4=":{"valueMac":{"type":"Buffer","data":"4Os9AMWbKW3smaEA6bIBoe6hex+fd885TcFueYBbccI="}},"yYAUE3WjSI+Azcrzd4lDxEfNApGac8wusIqzRAW0Cgo=":{"valueMac":{"type":"Buffer","data":"ggypaAdBEukH3z2jkw4LENaDygOVOVnhUMtHhDdMYD4="}},"yjT2//rMV5/OI7qbrJE05BY4/IHo+q/zhUe3Ek56p24=":{"valueMac":{"type":"Buffer","data":"jDWMqe/RRLoSyCAwo0ge4v55QCOmsXF3+n+EY4q0tOA="}},"ythigV9eF0x3qy233LiJkkQr9J1iiM6GULJ/olHNA1g=":{"valueMac":{"type":"Buffer","data":"jZ805y1KNEuvlkDCwTWpDLmWvbYIhaFisWYhT0vNMwQ="}},"ywl1xU0lYPOuMc42ylVKnInlbkCMy0+JpXFtj9suwb0=":{"valueMac":{"type":"Buffer","data":"cL3AzAieH4wlqQ+uqsDiDaBaI0LjiEOTZ616UiY0/mk="}},"y6V4y0mMl4s9ZOZB8xsoZ4/+yhpj8rB9oqWEVj+TLqI=":{"valueMac":{"type":"Buffer","data":"ugoqH8jff0bmFPyHqkYwOjKPErLFC63ZcvQso6rB4rw="}},"y6aY7lxbwqu9cMbAqKoVTK7ETicaSZ6EvJi606c1vOw=":{"valueMac":{"type":"Buffer","data":"UXnAwO1n7Tt7LVVMzIhjRjF4GeooofHaaPZbC/OTEcs="}},"y6/GcMUPSwup56ItsKtpTHng5tHMUZ2xDefszU3PGck=":{"valueMac":{"type":"Buffer","data":"C9Za3AG0mYpy7j1CX6iyT2Ti7jrr04SZbipAPblMs7U="}},"zLNIxU0IKuwz9Avc53JyMI6oeduY4pwqO52TLqrVDFM=":{"valueMac":{"type":"Buffer","data":"p77D/x8XCnweux2iVN+C0CWGv6Z3BdUG83eyDQhNN8Y="}},"zd0oTQ1P39eCTDJmhCmyhOeWu44ybBgkIAKPtT5559o=":{"valueMac":{"type":"Buffer","data":"4yZtsoDgKxDHo8N+qgtKXM/H0vnfK7fT7pKqli0zoF0="}},"zl9pSlSJexp/ZpXY6tdFyUwxbig65MsEgZb/prJM89M=":{"valueMac":{"type":"Buffer","data":"jjPRwaSn7fx+Nwfe7JWyyjyX15eenHeWjtEjLp+Zgdk="}},"znO4hU60PBj7fAKW76sOR7XzrIWplw95lk8geY0j/ug=":{"valueMac":{"type":"Buffer","data":"gyVe1Rdxw/k5mMQ3EWi6Ylm6jJxVi5O4qaFLtJPYjsY="}},"zy3ffAIvrOe4dzqwFUDpHJ+J22ccXf2DnBK+6F057Z4=":{"valueMac":{"type":"Buffer","data":"CSQOGfFseUmt8ivYurFIOyxkE7mQvZoZqMbw7FEACQY="}},"z2qDz4zoiPppjZHtgd0FbQkFcZasTtIblS6gZ5VqYss=":{"valueMac":{"type":"Buffer","data":"t3mRqsW7gwT5yg6ZBN3KhtgftFTwF3VO5w5UXWcz/IQ="}},"z7OfCX0V7lex/Po9RuJOISIUI/ZEDEUxbrGEAHITXBI=":{"valueMac":{"type":"Buffer","data":"kUXHi9Ff4WqZMo6AWyVRGawG8ALrjf/ERPVhZRSqXSk="}},"0VxKpHwIxKEIsqn0zd3Pr/ePC0lzQdtHd0EkOUoLZfw=":{"valueMac":{"type":"Buffer","data":"8nTtmILbiA86LqyorHfSyU8ubjluxu8PbwCbeHaPq9A="}},"0dQU8rQqId/ull2JiJI7+S5+WNyDQZ77RlAFgpk6pZY=":{"valueMac":{"type":"Buffer","data":"H0UEufAaQUJOXvqML8HSvzQFc/+8j9F2Cn2yKj+ACZM="}},"0lREKzFXKex41lXp4y7ORVc5F6MGedehzR/wefvv/oQ=":{"valueMac":{"type":"Buffer","data":"Wyc2UzHMvxMsJuh+iQd1ZZ8juVv0N6HQThv3IBwpLdI="}},"03OEoOryekKVqRGJZBc7Om5aSm3+mTmLqbylXSjkIYY=":{"valueMac":{"type":"Buffer","data":"/i1evhzW5NS5Jf2Ul2Vng2XlPV5dpz8fMnIjAoV4Z7s="}},"1Xi5duF8Pt4F1a5la/TLXj7NXaHI19854nsjgDS4C/I=":{"valueMac":{"type":"Buffer","data":"HOzdzpFBlpY7+uL0EwTuA8itG7GMFFUCwFkzKA2oT04="}},"1Yv2ONpyiPGkFVdoM1uGSMhlOiOKlz9RhYFDdW/l9oA=":{"valueMac":{"type":"Buffer","data":"GTFy3BxAl+//oL+r8B2ijsWKRbg6RnJptivsUeUBY9w="}},"14m8LU5bSwL+6wO/I9xTYGU7Ef3K/eSkCqcyamMtqKk=":{"valueMac":{"type":"Buffer","data":"SLFxC2bMKBQTd6vETRwwyx1UTSwkauQ2Ka1l27JBxUs="}},"2Dnmiry6TVS8cM2x9/aM5Y85Jsurzg+M5uoG8FPl5Hg=":{"valueMac":{"type":"Buffer","data":"WaHmympS9zR03DBPzh9aqwus1xrxDuKZSWrESkg9Als="}},"2Kw1Mv6RduqXv3tolcLfQZlIyrJA/uFpZjAWJkbSxUg=":{"valueMac":{"type":"Buffer","data":"dAvkYgK5il62m0/4x+1JHSCkP8pEu/IA4ouCwXKVgNM="}},"2VZc8Z8nbIijOCQMcHGrPTa6ILctymHhlIlrpG2zwfQ=":{"valueMac":{"type":"Buffer","data":"dWExBeUNwOYp4UYST5HnvDG/+0ZiSY8SpXbsXCRMXz4="}},"2zj9Algz4rUju0PRzhlV6GTYq8znx1yEqAhZBQ14ibg=":{"valueMac":{"type":"Buffer","data":"W7hpek8AZjJWDkgXECHMypz4go2liDAFyBsTrW+1DNk="}},"3GTCybK/qZDqJ4pxGklhvJOZVles5AuJF7C+dVQfylQ=":{"valueMac":{"type":"Buffer","data":"3kw7QEXznpIsmuIbgsC1eE/XIrnlgNsF0gMHGItChg4="}},"3LvhA+l5fvc5HaJeIVQV6dydACD0n/MGreZlY4YKE20=":{"valueMac":{"type":"Buffer","data":"PTS6rFpUGxtirecP0+xi6AzIeC1NGZTuZ1031r8B35M="}},"3SQPaNo9QfWM0+wIfyuz4s0/g7p8tudVHztDodPaRj8=":{"valueMac":{"type":"Buffer","data":"Z8v1FJ91zU2BuY/cdLmN6nU7Xggtm23AuMfrXj7zDKw="}},"34IR+zGHvj57cXgeEffheyyR03EixNlOef/2R4yqWhE=":{"valueMac":{"type":"Buffer","data":"P6NtbaGnaEIqWGd1BB0XOmRqQC2XPhZt8WmubeBC8Yg="}},"37ve7Xga+uERnwkSojQV5NWDcOR/e8GSTzyUoZNgKYM=":{"valueMac":{"type":"Buffer","data":"3Q8hV93vWG98DHETe1skxU9wpSjd2sGVnl9e6eHjNwE="}},"4JMsY8m5xaF4bBzvJz4yIIZT37xtQMUhAcHNq1WV92g=":{"valueMac":{"type":"Buffer","data":"ZimcQIO0s76GqTwAp5W6trcGOEgYAlm6SJ+Urw79MwU="}},"4KIG2Rwdmy6fyn8GNsNE+jZQFDT/5ZJl0oTOeJw1EGY=":{"valueMac":{"type":"Buffer","data":"fCYEiAD81zIDX1Ru5i6fC7nCS9JQGIYAExpsr/CpHnU="}},"4N/j39Mmpye9Y7JsS4Jx+FNGy+siFJLr0QA5ko+BAjc=":{"valueMac":{"type":"Buffer","data":"K5CI6vB9MIP5HIXT1TElQjQxT3P5wHGcgwk4Pc/C9jk="}},"4XJiQTNeXyQPW7T4hMpC04CWk7eGI7nKR4Zp9gioLn8=":{"valueMac":{"type":"Buffer","data":"w0f0/WJjzUp+PzAWLOVj7FgdlDDECyMpJ9R194Ufg7c="}},"4ZlwBVR+pFtpJZ3W/f5D916b236i3DfVpfDplgsdrPQ=":{"valueMac":{"type":"Buffer","data":"mvJE6AAf0AwgCbTAiLs8B7MUf1SSXFYQkhrdq2VX9GU="}},"4jssl6lQ7wQdz1CLZfYjC+OqcJHrorxBStMwCI9odLw=":{"valueMac":{"type":"Buffer","data":"//+pSrzrHdi0w+tBzkRp2Io77Sm8MOcvTixVu5103Ek="}},"4q0IIuGWhaEDr3BfPu8NW/NFxcKpHjH2xK275GUjIlY=":{"valueMac":{"type":"Buffer","data":"aqxJtd+MPiAkShKpqEBqFZw1znoeU+nrxqbS9H52/IY="}},"5UyqBX0oGbqudmBGAi9fh++0Zn/tj6mB8sGYd9AmoE4=":{"valueMac":{"type":"Buffer","data":"joVUUoUD79AmGpGqw1V0mYhyzuwNXW5bf8SKkWi54Fc="}},"5VT04PUK/GyIw+K1wdBO9UJKX05aghEyV3ghTKKc7L0=":{"valueMac":{"type":"Buffer","data":"g61tbcbL34VRF5IaKnswN9XHjHniXXRa7beKOLlKxww="}},"5foYizTJ3/QvEHTwrxxre6j+KeSOEdzdFE54tz0tMOc=":{"valueMac":{"type":"Buffer","data":"hvlTbfgWbkttRjfTD4Ra9Tl60LNqM7shQVCQVbAIXf0="}},"5sLu4B6pLGhL+TppRkORH2Ws7ucQCtSVr61RxvK9jU8=":{"valueMac":{"type":"Buffer","data":"vWme5BQ8YQ2sujba14ZLU9Jm6HkeUL8kD4gpYt3yCiM="}},"53H1oYKCUoCQNlVDlEuBvMReTzrw8xlEK9OAJMGD2UY=":{"valueMac":{"type":"Buffer","data":"9eJCAy9wEhWqyR0vvwe51XJQ00W18fOsvIndknv0Cq0="}},"588dy/ZlFO/aQ09exOLx1nQxdLlY5jhg/LA9ybTfwlA=":{"valueMac":{"type":"Buffer","data":"YFdMlJUvlk15JQeFFyMEtsHl4p9dsQ9BF2CEznZEFSs="}},"6R55mqMlK/mm3/biWrWisdsxJxnGADLZE9nfVDZDQKU=":{"valueMac":{"type":"Buffer","data":"JNh0WbZS/FAe0/erwqeDvfCY5qhWro1ZaM6l1vHs5fw="}},"6YKQ/tlFdeS6Hjhlc/K2XlNir863Lwkn6DB0bzEBQYc=":{"valueMac":{"type":"Buffer","data":"LD+SOjw9M8E0fp0FLxDXZ7dYz9p87oBn90SlfgAkvDE="}},"6ZzAJCAH3DhA8dJ+yuQyMFBKgd5yXIx51JIbAf4/bZQ=":{"valueMac":{"type":"Buffer","data":"UzyzjQyQ5m7udFRAPuhG5G/iheNcI5GiTMn+9nHo870="}},"64lzlquociS0G4lUGwKPzYJ47+LN1gjxU58VbtTIDv4=":{"valueMac":{"type":"Buffer","data":"FeF2CVPFhXFJ2Yv2OaZY8UTzbrrdFcuFdPlVrUJbr0g="}},"66RvAb4PvgOnwUjsNZ3k4UvIIWRYmcOOP1WSy44xKyQ=":{"valueMac":{"type":"Buffer","data":"9vUI2IO1R5lZ48gCTk70JYZsGGBqA9MSczJyIMnFPSw="}},"6/zMkS3I5a837Fs+RmdHVdqSx0E60c0WVxwHWWq8Pso=":{"valueMac":{"type":"Buffer","data":"mo02Ej9LZAWqX8gtmzdTl9k0yZFF9nQOiUng7ed1hm0="}},"7GFYZIn5i4E6I73FYUGOcmMFfwq/Lr2FXxVb5GTWQus=":{"valueMac":{"type":"Buffer","data":"mC3dDeEKG5MaT4p1UrJyrKxzuHr6/jZRJZzGINv0gVk="}},"7GMU5vQ1hA2l3kk4PyXAKjXeZtqJUCnLjT8Pp8ih6Jg=":{"valueMac":{"type":"Buffer","data":"8rqep4RaLAa/MXj8TujUEfsz5rtB16gj20vwu049NeE="}},"7MEcOfN/VSrM7zsdlb8R6TkjNrYMsXpvVs4iuLYuf2w=":{"valueMac":{"type":"Buffer","data":"7S2h/yBPnEP9tuHXy2exZTbzzUCyEO2pvwFg30R2xJg="}},"7MGBgjqoArIT9sUYOkY7AkrNQZbb6ZAdRTx/kahhllQ=":{"valueMac":{"type":"Buffer","data":"/U1b4Ki0QLyASlXaTn8Z+6QJXvGx8uvTmN9ODGW3LAw="}},"7avvggRELjTcHRLySv/EAST4CwIvoZLMZsge8cIIxec=":{"valueMac":{"type":"Buffer","data":"Q6Ar5ay9bQEuwvVzV0hd2CLneoB30JLQMaa9yvHT/m8="}},"7oUPFbSQ6HeRFp+NUNzo/DqH44a5pUEmDYtFI6a+E0Y=":{"valueMac":{"type":"Buffer","data":"49MyZpVEwrz0C6sDO55jujpQ4sXViW9VvIkH6YjmV88="}},"7rOY8E77HiusTVCaedo0K0Fd724K8Hnz2+yq4OB0+cI=":{"valueMac":{"type":"Buffer","data":"j4UxEXlw1gtCSSpELAYLCoSYNI7d4fcxRq30cjiJznc="}},"7vvsJH5NCIB/ga6V6ff0BbKshJaOHqOmOBCZ4YhRy34=":{"valueMac":{"type":"Buffer","data":"OZ9rjK4znu5VF66A03kcWuMzOOqPifIYWm7NmKbBXxc="}},"744C5hdbZE5UjPwlWw6MjzL9tWI5iqAaIEMypMrBIiM=":{"valueMac":{"type":"Buffer","data":"jyqLqPZ9lETWihuJkiP9bUcY0jkyodKkuod0VUw3P7s="}},"7+QQ7WIgILrYY+G/lzc1YWebCVyR5GFTqckTOhJim8Q=":{"valueMac":{"type":"Buffer","data":"uIXcW58jo9KKM1dRLGarDh9NXt75OQI9Oj5lcdhvpGI="}},"8Cdn45dqTGr6Pin4Y0UNG/+eAsmd5bjeRwYl00AeRlc=":{"valueMac":{"type":"Buffer","data":"CYz2VePAiFXW8TBseye3BMDYuLER4ssfb58akmmvs9I="}},"8UijENyEuuPkKkoujb4BESFaEeCTnFS9+olTNjThEjE=":{"valueMac":{"type":"Buffer","data":"URLgXrv2iR5Za7QYoHvONzTLi2HOD9NhqXLBfsFDtr0="}},"8iw3dF/YqPKi9ykl2a7v6TjzQec8AK4u+8J1p9rFwak=":{"valueMac":{"type":"Buffer","data":"yhzUZQxRwhE49HgwJtFDU1wVam+deE94X0BZsBMrnII="}},"87LfXJIYIDraLjzE0ZK4+bVAaHf5tYD6m59z2n/5jj4=":{"valueMac":{"type":"Buffer","data":"Md3nTsS/iiPB7VS6RwRahGM9SpDhRZuDttV8720u16E="}},"9MscmFJKl1fppWNUdreZ+EsZ0kp4lxDkWChgo/vJbSs=":{"valueMac":{"type":"Buffer","data":"hf79Nk0Pu2uZ+tqx0oB2IifgoJF1lEOlsgjp23+RRTQ="}},"9WAHbLySyMXqPo2JgXu5Tl5U4exs8ysawkqc6OpBPCQ=":{"valueMac":{"type":"Buffer","data":"3K+bMQTZlUAE9yXCHpMR6sSJCz8QaC91250Oc/3/5wM="}},"9caaxoFG9rRVPYPBXHLndaBvlf33libxiMlnzZbd8q4=":{"valueMac":{"type":"Buffer","data":"T72q2dciwh1MYJeD/y2fX4QAdW1F21OZkTuASd0d5ok="}},"9eZiLdJTuR7LQeSSFjSq7kijmGZpSBzFOW8zDNto1lU=":{"valueMac":{"type":"Buffer","data":"8snvrqMvdW4FWdxhjcTd5+71oXN2V/OCSn7VZ+T9hM0="}},"9nWAbq6OdK82rNfA7lLc5R0ws+UWDg9DQdtUm9XBxlw=":{"valueMac":{"type":"Buffer","data":"JIKIwR3PmAl9vQA1T/oua/M7wTKGdmhnknTKIFxxxXY="}},"9ptbQcLBnQzIxqpaEXMv8YKH2OquT9J9nAxfh9vgq5Q=":{"valueMac":{"type":"Buffer","data":"amB0MRhhQYxpuAjKEvJuvf2g1CIS4s2C1jk7LyRbNvg="}},"9xALHaCqaphWkAiS3cyso2r6Xytg7iEpCgYhL/xgnuQ=":{"valueMac":{"type":"Buffer","data":"hhu0raC3tOqNr5fGvGlt+KCgcU1uRoZ9qO2xnrEAF20="}},"94EuoOOSQXJK0r65S8DTLIufpbmHCUrfPht3ZfgBpwQ=":{"valueMac":{"type":"Buffer","data":"Xk5T7IvKupYKDeZ7cHjfJX+iXgVJghppkdV+BiMtg5I="}},"+EzAFsL1NSEVoX5uTYSVZ3IIFSIjGLqGL8t27cBJDlE=":{"valueMac":{"type":"Buffer","data":"PYZhlCHq7LPuPpO7uM6wkTeIPtQCiDISfwGd6d8ub5A="}},"+E5tfDnTq0bIszIwnNQ7TrqxIfXk8nVTdrqZEDxAmjY=":{"valueMac":{"type":"Buffer","data":"DvHsJ5tGnUhVnSUgaP6UBTZYyr7FPq1Y5QtJA+/q10k="}},"+FxrjodQC4n59YFTC1gckoSYZh1130EYo3B/yWd1bpM=":{"valueMac":{"type":"Buffer","data":"JUyain0ijhWQBxMXuPA3q4eiMVlepYTkhzBfs4KvKBA="}},"+L2jSwg0J7dsmlSJsK4uYD1SOCFzRv5I1IcLPMkc0+Q=":{"valueMac":{"type":"Buffer","data":"jPiJRgVArPSB/qIRDagSJJXCud7QOcm4FQjFctS6fls="}},"+Z1uHsl5E/cBy/W7D31gAh//GBjNlgFE01U89LunxQM=":{"valueMac":{"type":"Buffer","data":"3Jc+PUHiJTSpHWC80InDSLTAnG6NELkXa6dQYuZzWXY="}},"+aKKOyAvuVS2TKLWJ3y4ueeFiap0T92WsP9UuB/s/8w=":{"valueMac":{"type":"Buffer","data":"1pgUNuPukKaqthH8m/QEjQibaI2AZ9lkf1lbj1e3r6E="}},"+efnlPrUFPqB/SXrfv/zbluU2lC/3hi1aCTRs25iiWQ=":{"valueMac":{"type":"Buffer","data":"sJZW0OtyndbZ4V9Aco5qj2QSQPubkWON7LqwgdXGUa8="}},"+eoqKJyfByTnnJNLhc9zoZinvKtVD8L+pVxnR6wRxfg=":{"valueMac":{"type":"Buffer","data":"0e2yDOIBA35rRbNryaq/7JYutUtNxQrnvNfypD8+EP4="}},"+mX/77pyVq6Y0ZmpqyGNEoyRvq8b7abWU8HpDNNzC08=":{"valueMac":{"type":"Buffer","data":"2vl/EJcHqyL+rSIuzukVOYCSxX88jlvFiT/TMK0dD8g="}},"/V/cMhBWboaPiZG7gnb6Lzy4tUOiIj2dl5lewUYLrWM=":{"valueMac":{"type":"Buffer","data":"LclWKfL/JyCFdpAbGQJvM6RdZMCgN8TvbuxCSy3M83g="}},"/nwsJiSH0oundO3fERMUenmCCkU3F24iQwG6gDinCj4=":{"valueMac":{"type":"Buffer","data":"dj4BGicsBRNoDMEtKh61m96Pe42T+dW2jy4DPbWI0u8="}},"/queZW8/RgECJqe4JzFjNEuM/2BwpY31yCCmuMo86w0=":{"valueMac":{"type":"Buffer","data":"QAHBWNwH/EiaO/W2kwFbGUBNBhinSp8L++vqDoXXCMg="}},"/12avfvsqfwZUCbD4PHORv++907kJmZlncRprvEtdVw=":{"valueMac":{"type":"Buffer","data":"BIItniI8v0Z/oklga8sUkjzRsnk+jf8cizbfTTeu61g="}},"/49+h1deTIJ2id/y+lLQnwZPUS/skWjuH9lvF+5dTyY=":{"valueMac":{"type":"Buffer","data":"X55VHSADFgZVEWa1dOyf9q1lFJcvsKS5/1F3/UhdaOQ="}},"D4/RbrG8Xpg9agUaeN8Nki8+J+H+XXEQgup4eo9Ibyk=":{"valueMac":{"type":"Buffer","data":"Mrdx8k5JE93Gjj3ZOABx8eI9x5yRavBttroXC4VIpEU="}},"+RixU/OgXm/+RdIDXI+tkmyCIf2bd+MMdPPMdIwBGms=":{"valueMac":{"type":"Buffer","data":"eDx9yjiJmd62NV721t5Chyu5iZy7XXsVGvNZxg6iEyM="}},"RfBKcOOECt/9nphTb5/+1lssNg+mOXQn6kBDHrl7VCo=":{"valueMac":{"type":"Buffer","data":"DV4dCLyiQsbKjG2WiElCw9Arf6ez1d+auyMzAchlwqk="}}}}