{"version":7,"hash":{"type":"Buffer","data":"hTsGeW10zLM6Hwxz3A++O80rT8WB3EQWMtFWxp0oExryfqL/XbU1xwWN2A+QlHygGHl9BdT4q/O4eV5Ha54k+6pWxylp0vt3/eAD2LMn8E6elhI12W5pgRFNrFmtH284lpEzhuPGPDQdoKHrXHZNEYarWAPviTQvzvr55H2ok4Q="},"indexValueMap":{"AeDuvG5aH+yKkxZOoHUsucO0DvLHjy4/4yfhjQ7FgJ8=":{"valueMac":{"type":"Buffer","data":"pFh1We5rmFE3FTNpQ6Iuo9kwYA3WsXPZLVWaVwKST40="}},"CNzeU3nXvUiBy+t2tQ+Pyqc6Mato+XUjUbyWoKEf114=":{"valueMac":{"type":"Buffer","data":"9xrA8a8NtNJ/BDJz6zE94IkieqY6r8H86VklG+YVlj4="}},"EAgQyEbgyXdnFHVbQnGqvVr1ZkJeijTOtuK9nTTkd0M=":{"valueMac":{"type":"Buffer","data":"UmjkaDnkT9ZHNkIS/ZnUstETEk+pXenX1W+yEzPm768="}},"EBzvazbzoh72FVW/vBUH8q/g9Dfw10iItfAOTzyzBtk=":{"valueMac":{"type":"Buffer","data":"5adLFMSg/rV/Iw66OmFPnY/kdhNrg6IQskTSrWKMbTc="}},"JK5O3YbEW7M0lBz3aScdQLNXCL+Sv18WCHgf7oOhJOc=":{"valueMac":{"type":"Buffer","data":"QfEVfKHfc4GLEvPAFtyNKhEC6YIMGR+7/0Vais7ZWeU="}},"JS8xqjF6WJXEU/OeUs123BbUTtYNObWBrTyO1z0FiD4=":{"valueMac":{"type":"Buffer","data":"V36a1dcXFqtaDU8hxAN87Zr4/ATVI4CVMOma1ADUN7k="}},"KExB03miVEmZRoScIYKjbUfx7iIqkH08rhm5Sigq6Ac=":{"valueMac":{"type":"Buffer","data":"r3+5pntym9IWZ+7OwhVdQQv2Vd0DZ7QtdKqtxvu0meg="}},"Ky4iQId3ATAWSBvKACHV051QwVXWaSV2FEBhJraxhfM=":{"valueMac":{"type":"Buffer","data":"XYKRcCshbi742xjvou7FqpfrFAeqiQClLClCR8jYzbY="}},"MyvyJd3N3e87qM5n2iVEHq92A1sN/kBu/ad0KiRJFFI=":{"valueMac":{"type":"Buffer","data":"ewCCc5CDwOPKg2bnMqdbQfSKAuete55fkbAXDT1hY/w="}},"OW2kxord59+QWG0rk1mVrDczMZJIFfjuouFVSY7Cu/M=":{"valueMac":{"type":"Buffer","data":"p706IYEasXQvxOF7qfZzCuZ6yLjqSAJn8P/no6XTZ2A="}},"O8gmnfW8blaAEvvrPQleupfNijdhyID5TNQvYSf0VM4=":{"valueMac":{"type":"Buffer","data":"73ifl/hVR4X5Pi6fiFPJadoWezQUSWnP1BARHL9hnXo="}},"PwCndHV5uSfc/GwIF0KkJqSbcsI4ezzEg2LtXe5Xe0U=":{"valueMac":{"type":"Buffer","data":"4gFRVG/b7WEz0TgBTtoA/f9GvYSzq4NOBxHqssoy4j4="}},"P26Jt0BhIAgsjist1qBWR/1mINgn89vLTU4XgmQ0nFc=":{"valueMac":{"type":"Buffer","data":"Qa715Bnsk+lgY4Z7fz5aod2DX6edrK4kumPHVAzbeLY="}},"P6f6ysYpC8xVlMSWI9ZumgAbwNWFntVOViLboH/cTW8=":{"valueMac":{"type":"Buffer","data":"OrCtFgJyHpZz+YAuvaEvn73tnTfgz+kr1pnU178uYzQ="}},"Wgy4FbFCw+3Ny9BbLCIVDtQvjyuvNZuk4T3s9zG+2p4=":{"valueMac":{"type":"Buffer","data":"DprzVo9WNfbPmkMIET4ZuPRqtNw1GRxEj17FcA/2BU4="}},"Xx6cSyrKHjeENfc/k2zYKCGN6nkhXo3BLOb2VyZ4/SA=":{"valueMac":{"type":"Buffer","data":"3zie+SUXSJckFi9Z+2M+RrGjQZsNx5nVrOGqUD5+KnI="}},"aSmhPotkoePnNjdP+uJcXOzxVJglAp/mFXK4JJD/9d4=":{"valueMac":{"type":"Buffer","data":"PPiWf3ojUwV5pRtLg7Y7oJy7GLQhMBGo04g3+sQrqRM="}},"bRX+S3haKhSzVbj+A8hsrkx/1NKsQuZxNBpk+JrcVHQ=":{"valueMac":{"type":"Buffer","data":"b+/3P1vWwNPq2VezFpxYT7ji7j1hnLWxps8dsOpgxDo="}},"bcgkKb5YUHuvYnjHxmCHc9VMw9hY0/xg0RFrlLhC8O4=":{"valueMac":{"type":"Buffer","data":"X3J20dYO8JC9hWAnQPflKEtoXbe94083feY3kS3bVXA="}},"clJYjRSkD9mKItCs+rgn/S5SKgVTs21PYu3Z3ORTEjQ=":{"valueMac":{"type":"Buffer","data":"Vq/R3GX6NOprOhs4wOeu/ddsDvAPSwZjA2Qs3W0tcAA="}},"egQnmhtqu6wnCbbvDWl76q64ZsZyN7Xw++yq3hiVi2I=":{"valueMac":{"type":"Buffer","data":"4dFCjbqxhRpRb3AYHjJxmdAOVCH/4hvJmOJrFy4+mF4="}},"gOKAzgDnV73ih6j1VJqBVxoq4XWpfOahir62CfveN3U=":{"valueMac":{"type":"Buffer","data":"necz4IQHRsHv2P3HaHXwA+ATdPn/a62rt5YpxJHrk08="}},"hubFkNzhRfMvxXrynlSl3bsUo7jOsbix+iVNaMeVGxk=":{"valueMac":{"type":"Buffer","data":"eVSJpsWQ0mHgrjqJPcJFH8R4zG/x9LeNBFpEnkFUgdA="}},"iF0i1gZwVlFSlwc6NYusobVvGg2oJR37eNmc7krmvXU=":{"valueMac":{"type":"Buffer","data":"QXVQPEmns8FqNcJCikZ1TURiQhgWeV+VujPoCFmwokA="}},"kFYoMVe4PwcdJDZfZOBwII2miuIuTzhtWJVyg22sgzQ=":{"valueMac":{"type":"Buffer","data":"gRGt/Jm+aOEsbFUcTYJGRccE1wJaSqOBc+kfKohmRMU="}},"nT+mrPJLlRIpIPaUou+HYDsJmsF6126fd02P/p8E8sY=":{"valueMac":{"type":"Buffer","data":"ChhcM4myVT7WrwKR6K0kCYI33V6CPARZaTEfZPSPjl4="}},"nW8iQXj2Saz9bcjjaG3nEGSGDH1cffJFwrke7hPGtxo=":{"valueMac":{"type":"Buffer","data":"z009Au0f90Zv0CH+NIrmRAhUZBQtzmhNnUi6vmlMztI="}},"oWX1qCNFAaC22af9L6dUaWPaHzR1/nIiF3Mx0kKeY0Q=":{"valueMac":{"type":"Buffer","data":"0OgjV4gG1su8rO5acnKuteTe+2pG/Q7hJVTkue21qJc="}},"opbMBA8lJ9Cvna1HNbxo5eDgqAaqVsgDpuAoW3CcVos=":{"valueMac":{"type":"Buffer","data":"PT6QxDmIY8zfLIbmBRB3YLZvb18Suv02U1WbDcDiMKk="}},"rV47V5z8XuHvU6QSboMnS7xyIUv3pN0VY5IAMvZaDBw=":{"valueMac":{"type":"Buffer","data":"OYvZrls7Qk+KC+eqT42I5cVdNASsZo1qW/x/HDwA9P8="}},"zxe9BFoZ4mpLGseQGRVmRPSYUpbJxQPP7bdSS4PYqkk=":{"valueMac":{"type":"Buffer","data":"h5GhdOEZWlj7uiglVSy+g2ZtOm9DcGa9WwvhqwY9A7Q="}},"0hEE220QKPYKaY9anemfPum+8QkKxX8ClKPawkkHjmM=":{"valueMac":{"type":"Buffer","data":"agHfv291RYeUNNBO2MtVc8PVqMilGDdWQ2X3cOH6sNY="}},"0n2b1hgIyjhq9YTsj3Lwf00tXojOG6IXAOh1jsiESug=":{"valueMac":{"type":"Buffer","data":"gNMv0iVE/i/nvuXCtFYYq5u/dp7jZWtDbxLlQo0+J8c="}},"13UZL5ksSukp5DaG91SSgg2lYE20xNGdWU1re5o19rw=":{"valueMac":{"type":"Buffer","data":"FkWlWyl+bhXI8rHTrG3WmS19uLDwBX/vJQ4Ze2wkq7I="}},"2QFncpQHCLD+C8yBwm3x/GcXtX8gB8ki/PYHw5G8qo0=":{"valueMac":{"type":"Buffer","data":"nXsPfCejI/KDGm9QqaSvOQXFrJebbytWbZshBj2fxt8="}},"3Vh+9+FAI56T8zOe6urDIpk9Q5ghUP4Nj+72pQGJFsc=":{"valueMac":{"type":"Buffer","data":"aqIqH9Qpg189UXW1xE63BwnuxDULoK8lqAPcdpZAfuA="}},"7a7YU10SRwvZZx2NJctinI3llx0b2sxxSQ1KyMB5DEs=":{"valueMac":{"type":"Buffer","data":"BWzk+Rfhi+ZnEimV14nR4JRB+Qpkvxz10f8BzkWLXmQ="}},"9QQJoXzRyXgXFaWmuyTgC6XLkVTXfIQXNWLFkVQHNlQ=":{"valueMac":{"type":"Buffer","data":"hPkAlHKbS6L29QbUNHMdq14UzRWik3s0iE9rKlYY5wo="}},"/l77i5wbrkJzIzKjaU5VCue1O068wvBj5zQod57TYnM=":{"valueMac":{"type":"Buffer","data":"LdX6HyGbXUQvlBl10DEHs9p6SZiUirsB/UYVywNPzqY="}},"gEGQIUTzjV5YW4cbtSUph13pTk7HevRPGQ4p57hCni8=":{"valueMac":{"type":"Buffer","data":"IoXqIdpZ4p8mXSQIV9KFRZuherrV1XZHpHnGZjtoHaI="}}}}