{"_sessions":{"BcHvDn/YN5cGRI/7beQwdiBlnRjY7Lb35WUe5W8UZvpN":{"registrationId":41,"currentRatchet":{"ephemeralKeyPair":{"pubKey":"BYAvKVTt5lEiDQoWBvrZba0qmMN4CvXZLZfUQaWMWdUr","privKey":"CFZnSJbdSgZOfbDouyHoV3cxqEy2JtLIjQB6RiP+uFc="},"lastRemoteEphemeralKey":"BRc4zwk8KZrJpj+wcfVvpiJPZ7kkEORWRFemfwpJMwto","previousCounter":0,"rootKey":"aXYOTEum0litrZnLu2lzy3ozmgXy1llJE2MUdNS0rL0="},"indexInfo":{"baseKey":"BcHvDn/YN5cGRI/7beQwdiBlnRjY7Lb35WUe5W8UZvpN","baseKeyType":1,"closed":-1,"used":1742622813797,"created":1742622813797,"remoteIdentityKey":"BbcXqJ0bbI0vpnpgkCfrnnRiLXPocz2Z3A2BK04jBXZD"},"_chains":{"BYAvKVTt5lEiDQoWBvrZba0qmMN4CvXZLZfUQaWMWdUr":{"chainKey":{"counter":5,"key":"0yOq11FVkgUBJHNW9Z0xjaVzi+xpgXErQD3QMX93dqE="},"chainType":1,"messageKeys":{}}},"pendingPreKey":{"signedKeyId":1,"baseKey":"BcHvDn/YN5cGRI/7beQwdiBlnRjY7Lb35WUe5W8UZvpN"}}},"version":"v1"}