{"_sessions":{"BYaopCBVaJt27XKFB6UAkQlx6owROT/bEr/Smg+xkk9d":{"registrationId":345008467,"currentRatchet":{"ephemeralKeyPair":{"pubKey":"BcvCjMPJd+vW/V+TMBJrQ0ovOhMUKe3AKVCThegEZJ5U","privKey":"YKGKc4AFkakD4mjWq/XYeOB/VWAIBbz9MQ8QNzTGiWg="},"lastRemoteEphemeralKey":"BSBbdXwezwK/+B7pHItgbEk+F1kzu6I5DflozGzg8u56","previousCounter":0,"rootKey":"gl8tbv43ZXzqYZ+Ke2+jHuVC6NFgpBLumKyHvUoDbQM="},"indexInfo":{"baseKey":"BYaopCBVaJt27XKFB6UAkQlx6owROT/bEr/Smg+xkk9d","baseKeyType":2,"closed":-1,"used":1742625124200,"created":1742616358553,"remoteIdentityKey":"BQ4CtHrw0vv+Tn2FBJy7vxdXE+9iftBZjpJWcIwd2aca"},"_chains":{"BcUL3mUweNUCU+aFZmj5i2dkBgZ+GqJkvlIoXJTbprsM":{"chainKey":{"counter":7},"chainType":2,"messageKeys":{}},"BQtDxyIbH14pex8RlRalOehfK3Ron/GWjLnP5IdSZb9R":{"chainKey":{"counter":1},"chainType":2,"messageKeys":{}},"BVSdiJzxCRmlrNxR7eEC+gQ6V4LtIirOe9IHYxvSSfkA":{"chainKey":{"counter":1},"chainType":2,"messageKeys":{}},"BSBbdXwezwK/+B7pHItgbEk+F1kzu6I5DflozGzg8u56":{"chainKey":{"counter":1,"key":"UWpabE5JO229OHvZPBM5vmnvNIgIAtPaNHtShp9Nnn0="},"chainType":2,"messageKeys":{}},"BcvCjMPJd+vW/V+TMBJrQ0ovOhMUKe3AKVCThegEZJ5U":{"chainKey":{"counter":3,"key":"RiuFdTvyJPrqJwq4G0aGuU57hhQS93E7iReXb2T10T4="},"chainType":1,"messageKeys":{}}}}},"version":"v1"}