{"_sessions":{"Bb2byAwmZITOxJB8hbm4aHX6n4UK06NxSsHDtIMzEwhe":{"registrationId":121,"currentRatchet":{"ephemeralKeyPair":{"pubKey":"BQjMn/C3D53UvW4NAPbrzdv7K0LFNr2hsPOgKKJRvlNM","privKey":"ACPs/PCt/Q7beHKNj8xQnQImSpsUC7KiXBXstyy1BUY="},"lastRemoteEphemeralKey":"BY5usmEULU8xyIuaz3MA3GeWWZ0/xaufSOKrQNeiJMAy","previousCounter":0,"rootKey":"IkuMlKI968ejKlLbXAikU4MJbDRY0/39B2mBYGZVb6Y="},"indexInfo":{"baseKey":"Bb2byAwmZITOxJB8hbm4aHX6n4UK06NxSsHDtIMzEwhe","baseKeyType":1,"closed":-1,"used":1742622559704,"created":1742622559704,"remoteIdentityKey":"BTZVp0Qapnad9A1RrfIoUCE+LDQ4tNpLIVuXEdpoonkF"},"_chains":{"BQjMn/C3D53UvW4NAPbrzdv7K0LFNr2hsPOgKKJRvlNM":{"chainKey":{"counter":8,"key":"vGB3J4jCI5DXK4AgCAaMrucquo2J/DT5nwAvX6Z9QsI="},"chainType":1,"messageKeys":{}}},"pendingPreKey":{"signedKeyId":1,"baseKey":"Bb2byAwmZITOxJB8hbm4aHX6n4UK06NxSsHDtIMzEwhe"}}},"version":"v1"}